Project Name:,FOX NOW Web (Production),,,,
Project Platform:,web,,,,
Project ID:,2364010203,,,,
Event Name,Event Type,Event ID,Event Status,,
Clicked Vote - Overlay,click,11210183757,Inactive,,
Banner X Click,click,11456070874,Inactive,,
MVPD Sign In Click,click,11781945526,Inactive,,
Authentication Successful,custom,11925250044,Inactive,,
Profile Signed Up,custom,12103711262,Active,Delete,
PP Sign In Click,click,12115085244,Inactive,,
Profile Signed In,custom,12124751575,Inactive,Delete,
Notification Bar CTA Click,click,12990630266,Inactive,,
Fox Link,click,13117190365,Inactive,,
FOX Link,click,13128640342,Inactive,,
Click Hero,click,9668471190,Inactive,,
Click #3,click,9696480865,Inactive,,
Shows Button Click,click,9857840803,Inactive,,
FX Presents Container Click,click,9862301490,Inactive,,
Click #4,click,9666500500,Inactive,,
Click FX Presents,click,9667131133,Inactive,,
Click #4,click,9667341237,Inactive,,
Click Event for #https\:\/\/api\.fox\.com\/fbc-content\/v1_4\/video\/05da590ce5965a69105d7aa2ffa744b8794_slide > .ft-homeSlideHeader,click,9668151346,Inactive,,
Fox Presents See More Click,click,9862301492,Inactive,,
View Collections Button Click,click,9862381276,Inactive,,
Video Started,custom,9107973897,Active,Delete,
Content Started,custom,9183411274,Active,Delete,
The Gifted Click Start,click,9188211160,Inactive,,
Click Event for #https\:\/\/api\.fox\.com\/fbc-content\/v1_4\/video\/05da590ce5965a69105d7aa2ffa744b8794_slide > .ft-homeSlideHeader,click,9659531166,Inactive,,
Click #1,click,9662710908,Inactive,,
Clicked Header CTA,click,14726610063,Inactive,,
Clicked Special Events Link,click,14724470262,Inactive,,
Clicked FOXSports Link on Nav Bar (1),click,14698270552,Inactive,,
Clicked News Tab,click,14688610141,Inactive,,
Clicked FoxNews on Nav Bar (2),click,14703230035,Inactive,,
Clicked Entertainment Tab,click,14698510178,Inactive,,
Clicked FoxNation on Nav Bar (2),click,14705170061,Inactive,,
Clicked Profile Sign In,click,14703310029,Inactive,,
Clicked Sports Tab,click,14709220045,Inactive,,
Video Content Started,custom,14705370106,Active,,
Click #1,click,9664010581,Inactive,,
Click Hero,click,9662940149,Inactive,,
"Clicks on ""WATCH""",click,9664821709,Inactive,,
Click #3,click,9664810896,Inactive,,
Closed Bar,click,11200773948,Inactive,,
Clicked Vote Now - Bar,click,11198765181,Inactive,,
Click Hero (1),click,9665721600,Inactive,,
Click FX Presents,click,9665651719,Inactive,,
Time to Video Start,custom,11083729554,Inactive,Delete,
Movies Button Click,click,10852480953,Inactive,,
Traditional TV Provider Featured List Viewed,custom,11099516835,Active,Delete,
Profile Screen Presented,custom,11089665645,Active,,
New Girl Tile Item Clicks,click,10696990902,Inactive,,
Favorite Changed,custom,10640070211,Inactive,Delete,
Live TV Button Click,click,10849900856,Inactive,,
Search Button Click,click,10844060738,Inactive,,
Click #2,click,9666460853,Inactive,,
Click Hero,click,9665970224,Inactive,,
Click #2,click,9665310444,Inactive,,
Clicked FoxBusiness on Nav Bar (2),click,14684860105,Inactive,,
Clicked TV Provider Sign In,click,14688240617,Inactive,,
Clicked FOXBusiness Link on Nav Bar,click,14449910149,Inactive,,
Clicked FoxBusiness on Nav Bar (1),click,14453930141,Inactive,,
Clicked FOXNation Link on Nav Bar,click,14446010190,Inactive,,
Clicked FoxNews on Nav Bar,click,14447830360,Inactive,,
Clicked FOXSports Link on Nav Bar,click,14459940027,Inactive,,
Clicked Home Tab,click,14670591135,Inactive,,
Clicked FoxSports on Nav Bar (1),click,14457700393,Inactive,,
Clicked FOXNews Link on Nav Bar,click,14459800176,Inactive,,
Fox Presents Item 2 Click,click,10282581959,Inactive,,
Viewed SeriesDetail Page,custom,10410785719,Inactive,Delete,
Fox Presents Item 4 Click,click,10277492402,Inactive,,
Shows Button Click,click,10279912010,Inactive,,
Fox Presents Item 1 Click,click,10228946391,Inactive,,
Fox Presents Item 3 Click,click,10275063852,Inactive,,
Hero Item Clicks,click,10163966630,Inactive,,
Hero Show Page,click,10166287856,Inactive,,
Fox Presents Item 1 Click,click,9870680350,Inactive,,
Live TV Button,click,9875270843,Inactive,,
Ghosted Click Start,click,9181520966,Inactive,,
Lucifer Click Start,click,9185191950,Inactive,,
Family Guy Click Start,click,9188302057,Inactive,,
Click Hero (1),click,9661721546,Inactive,,
Click Nat Geo Presents,click,9662720465,Inactive,,
Clicked FoxNews on Nav Bar (1),click,14439710576,Inactive,,
Clicked FoxBusiness on Nav Bar,click,14437930108,Inactive,,
Clicked FoxSports on Nav Bar,click,14426400043,Inactive,,
PP Link Clicks,click,13679400080,Inactive,,
PP Overlay Login Click,click,13661180240,Inactive,,
TV Provider Button Click,click,13578200155,Inactive,,
FX Link,click,13142560013,Inactive,,
NatGeo Link,click,13129310007,Inactive,,
Clicked FoxNation on Nav Bar (1),click,14441900211,Inactive,,
Clicked FoxNation on Nav Bar,click,14440090164,Inactive,,
Search Button,click,9870181295,Inactive,,
Fox Presents Item 3 Click,click,9869060681,Inactive,,
Click Nat Geo Presents,click,9664850954,Inactive,,
Fox Presents Item 2 Click,click,9865181229,Inactive,,
"Clicks on ""WATCH""",click,9864441278,Inactive,,
Fox Presents Item 4 Click,click,9863721636,Inactive,,
Profile Button Click,click,9862781779,Inactive,,
Movies Button Click,click,9866651298,Inactive,,
Primetime Schedule Button,click,9866641168,Inactive,,
Fox Presents Collection Area Click,click,9866612527,Inactive,,
Fox Presents Hero Item Click,click,9865330830,Inactive,,
Masked Singer Click,click,17766410045,Inactive,,
cta click,click,17766440026,Inactive,,
cta click,click,17770180108,Active,,
16:9 Play Icon Click,click,17774304368,Active,,
cta click Tx1KhJhMia3bCWxskUcuyu VCm569uyjYyhYo4mSWFGvM,click,17774791034,Inactive,,
9-1-1 Playhead Click,click,17778360040,Active,,
Live Now Playhead Click,click,17780230022,Active,,
Upcoming Tile Click,click,17787300164,Active,,
Viewed Watch Page,custom,17789240686,Active,Delete,
Drama Click,click,17790940103,Inactive,,
Video Ad Break Started,custom,16733570399,Active,,
Video Ad Break Completed,custom,16741340626,Active,,
Profile Sign Up Completed,custom,17428021134,Active,,
Featured Collection Playhead Click,click,17428140709,Active,,
Watch Now/Live Button Clicks,click,16577220221,Inactive,,
"Live ""Restart"" Button",click,16581060521,Inactive,,
"More Episode/Info and ""Restart"" Button Clicks",click,16583090394,Inactive,,
Video Playback Started,custom,16733290097,Active,,
Featured Collection Playhead Click,click,17431510541,Inactive,,
Featured Collection More Episodes Click,click,17447080329,Active,,
Clicked Live TV Tab,click,14795590009,Inactive,,
Clicked STW Tile in Winning Big Collection,click,15589610849,Inactive,,
Live Video Content Start,custom,15928161071,Inactive,Delete,
Authentication Select Provider Completed,custom,16014150232,Active,,
Watch Now Button Click,click,16031650530,Inactive,,
Profile Sign Up Started,custom,16180060279,Active,,
|Live Video Content Started (Part of AWS Lambda POC,DO NOT USE)|,custom,16087030793,Inactive,
|VOD Video Content Playing (Part of AWS Lambda POC,DO NOT USE)|,custom,16079530604,Inactive,
|VOD LF Video Content Playing (Part of AWS Lambda POC,DO NOT USE)|,custom,16073930262,Inactive,
|VOD LF Video Content Started (Part of AWS Lambda POC,DO NOT USE)|,custom,16085430536,Inactive,
|VOD Video Content Started (Part of AWS Lambda POC,DO NOT USE)|,custom,16083620534,Inactive,
Reality Click,click,17766340080,Inactive,,
CTA Click,custom,17764763137,Active,Delete,
Added Favorites,custom,16331960550,Active,,
Removed Favorites,custom,16316910267,Active,,
Show Name Clicks,click,16553690475,Inactive,,
Global 16:9 Thumb Click,click,17743150006,Active,,
Recommended Playhead Click,click,17762440160,Active,,
Crime Click,click,17760740143,Inactive,,
Continue Watching 16:9 Favorite Click,click,17735630014,Active,,
Upcoming 16:9 Info Click,click,17735470014,Active,,
Global 16:9 Play Icon Clicks,click,17741110042,Inactive,,
Continue Watching 16:9 Info Click,click,17739140057,Active,,
Comedy Click,click,17754860074,Inactive,,
"Live ""More Info"" Button",click,16550010136,Inactive,,
Recommended 16:9 Play Icon Click,click,17733460048,Inactive,,
Prodigal Son 16:9 Info Click,click,17733490010,Active,,
Prodigal Son 16:9 Favorite Click,click,17731490059,Active,,
Empire Returns 16:9 Favorite Click,click,17733350032,Active,,
Upcoming 16:9 Play Click,click,17729620039,Active,,
Recommended 16:9 Info Click,click,17729650024,Active,,
Live Now 16:9 Info Click,click,17728050025,Active,,
Empire Returns 16:9 Info Click,click,17729440028,Active,,
Recommended 16:9 Favorite Click,click,17720040072,Inactive,,
Live Now 16:9 Favorite Click,click,17727850023,Active,,
Authentication Completed,custom,15576820722,Active,,
Video Content Playing,custom,15599300863,Active,,
Authentication Select Provider Started,custom,16005930455,Active,,
More Episodes Button Click,click,16025900739,Inactive,,
|Live Video Content Playing (Part of AWS Lambda POC,DO NOT USE)|,custom,16073600519,Inactive,
Showcase Play Button Click,click,17832930046,Active,,
Live Now 16:9 Play Icon Click,click,17831380006,Active,,
Catch Up On Masked Singer 16:9 Play Click,click,17815970159,Active,,
Poster Play Icon Click,click,17808320009,Active,,
Catch Up On Gordon Ramsay 16:9 Play Icon Click,click,17804600049,Active,,
Prodigal Son Playhead Click,click,17797030094,Active,,
cta click Tx1KhJhMia3bCWxskUcuyu,click,17791210602,Active,,
Live Now 16:9 Play Click,click,17719820056,Active,,
Upcoming 16:9 Favorite Click,click,17718080056,Active,,
Search Result Selected,custom,17510381058,Active,,
Modal Click,click,17483690868,Active,,
Search Click,click,17470521768,Active,,
16:9 Thumbnail Click,click,17447121017,Active,,
Empire Returns 16:9 Play Click,click,17716350023,Active,,
Continue Watching 16:9 Play Click,click,17710640031,Active,,
Prodigal Son 16:9 Play Click,click,17709370436,Active,,
Search Started,custom,17515770968,Active,,
URL Targeting for Copy of FOX.com Metrics QA,pageview,16160600024,Inactive,,
URL Targeting for Add CTA test,pageview,16176010258,Inactive,,
URL Targeting for MARCRE-169 The Masked Singer Experiment #1,pageview,16262871062,Inactive,,
URL Targeting for MARCRE-170 The Masked Singer Experiment #2 [Video Tile Icons],pageview,16294980284,Inactive,,
URL Targeting for MARCRE-171 The Masked Singer Experiment # 3 [Favorites],pageview,16336080622,Inactive,,
URL Targeting for MARCRE-169 The Masked Singer Experiment #1(mobile),pageview,16366530261,Inactive,,
URL Targeting for CPEWEB-16 - Content Density - Showcase Update,pageview,16397630285,Inactive,,
URL Targeting for GUILD:  authentication_state Targeting QA,pageview,16537950518,Inactive,,
URL Targeting for (ZR) Authenticated Users Targeting,pageview,16569680184,Inactive,,
URL Targeting for 9-1-1 CTA Experiment #1,pageview,16604530035,Inactive,,
URL Targeting for Shows Page New Girl Banner,pageview,10708180173,Inactive,,
New Girl Shows Page Visits,pageview,10719393936,Inactive,,
URL Targeting for SB_Test_UAT,pageview,10742721329,Inactive,,
URL Targeting for Test,pageview,10742881837,Inactive,,
Smart Banner Fox.com,pageview,9862980405,Inactive,,
URL Targeting for Mobile Web Menu - SB - App Download Banner,pageview,9967758814,Inactive,,
Any FOX.com URL,pageview,10561463442,Inactive,,
All Global Pages,pageview,10570087013,Inactive,,
URL Targeting for Homepage Redesign #4 -- FoxAwesome,pageview,10878601326,Inactive,,
Fox - Hero Removal WC,pageview,10890310354,Inactive,,
Lucifer Detail Page,pageview,8666237892,Inactive,,
Forgot Password,pageview,8843650137,Inactive,,
All Pages,pageview,9034032619,Active,,
URL Targeting for Not Signed In Audience test,pageview,17252852868,Inactive,,
Watch Page View from Homepage,pageview,17254910057,Active,,
URL Targeting for Technical Difficulties Banner,pageview,17270243770,Inactive,,
URL Targeting for [OPT-293] Super Bowl Create Profile Banners,pageview,17274015964,Inactive,,
Section Landing Pages,pageview,17433361180,Active,,
Watch Page View from Entertainment LP,pageview,17466701451,Active,,
Watch Page View from News LP,pageview,17471972399,Active,,
Live Page View from Homepage,pageview,17472702712,Active,,
Live Page View from Sports LP,pageview,17475702426,Active,,
Live Page View from News,pageview,17478222588,Active,,
URL Targeting for [OPT-272] Dish-Sling Pre-Drop Campaign,pageview,15596520681,Inactive,,
URL Targeting for [OPT-273] Dish-Sling Drop Campaign,pageview,15606361044,Inactive,,
URL Targeting for Test dpp screens with new categories,pageview,15651580595,Inactive,,
URL Targeting for [OPT-276] Verizon O&O Drop Campaign,pageview,15714160430,Inactive,,
URL Targeting for Live TV and Schedule,pageview,14705170060,Inactive,,
URL Targeting for .99c Nation Promo,pageview,14740300051,Inactive,,
URL Targeting for TMT-372 Post-Release Regression QA,pageview,15324970305,Inactive,,
Spin The Wheel Show Page,pageview,15595380719,Inactive,,
URL Targeting for [OPT-275] Verizon O&O Pre-Drop Campaign,pageview,15723940345,Inactive,,
URL Targeting for [OPT-276] Verizon FIOS Drop Campaign,pageview,15727990579,Inactive,,
All Global Pages,pageview,10570087013,Inactive,,
New Girl Shows Page Visits,pageview,10719393936,Inactive,,
URL Targeting for Test,pageview,10742881837,Inactive,,
Fox - Hero Removal WC,pageview,10890310354,Inactive,,
So You Think You Can Dance - Series Page,pageview,11313743872,Inactive,,
URL Targeting for looking around,pageview,11935010654,Inactive,,
URL Targeting for SECOND DUPLICATE FOR TESTING: SHOW: 404 Page Content,pageview,17772631881,Inactive,,
URL Targeting for Crystal Testing,pageview,11820303623,Inactive,,
URL Targeting for Add Jquery Fix,pageview,11469971513,Inactive,,
URL Targeting for ASO - SB - StoreMaven iOS Download Banner Test #6,pageview,11416724528,Inactive,,
URL Targeting for Testing Pop-up,pageview,11715127182,Inactive,,
All Player Pages,pageview,11481220643,Inactive,,
Homepage Simple Match,pageview,17155080856,Active,,
MVPD TEST Conditional Page,pageview,16921323406,Active,,
URL Targeting for Craig's Draft Experiment,pageview,14205620066,Inactive,,
URL Targeting for Add Content Paragraphs,pageview,14168410304,Inactive,,
URL Targeting for TEST [OPT-278] -  Move CTA Above the Fold on Series Pages - The Masked Singer,pageview,16778980404,Inactive,,
URL Targeting for TEST [OPT-278] -  Move CTA Above the Fold on Series Pages - 911,pageview,16778970635,Inactive,,
URL Targeting for Alternate Search function on MVPD Modal,pageview,16902501568,Inactive,,
Show Pages ( if page has - in title),pageview,16883812344,Inactive,,
URL Targeting for [OPT-278] Move CTA Above the Fold on Series Pages - Almost Family,pageview,16767290286,Inactive,,
URL Targeting for [OPT 278] - CTA Above the Fold on Series Pages,pageview,16757380050,Inactive,,
URL Targeting for [OPT-278] Move CTA Above the Fold on Series Pages - Bless the Harts,pageview,16775020566,Inactive,,
URL Targeting for UNIQUE TEST NAME,pageview,16773040274,Inactive,,
URL Targeting for Testing Networks Nav Bar,pageview,14459870105,Inactive,,
URL Targeting for Networks Nav Bar,pageview,14455720180,Inactive,,
URL Targeting for DUPLICATE FOR TESTING: SHOW: 404 Page Content,pageview,17758870689,Inactive,,
Homepage w/ 16:9 Collection Hover: Upcoming,pageview,17759071009,Active,,
URL Targeting for SHOW: 404 Page Content,pageview,17649740057,Inactive,,
Homepage w/ Any 16:9 Thumbnail Hover,pageview,17692540520,Active,,
Sports Section Landing Page,pageview,17571220686,Active,,
Live TV Section Landing Page,pageview,17579150549,Active,,
Homepage w/ 16:9 Collection Hover: 9-1-1,pageview,17739172283,Active,,
Homepage w/ 16:9 Collection Hover: Live Now,pageview,17742392495,Active,,
Homepage w/ 16:9 Collection Hover: Prodigal Son,pageview,17712511749,Active,,
Homepage w/ 16:9 Collection Hover: Recommended,pageview,17726203179,Active,,
Series Page: Bless The Hearts TEST,pageview,16629030414,Inactive,,
URL Targeting for MARCRE-170 [Video Tile Icons] at 100%,pageview,16653390572,Inactive,,
URL Targeting for 9-1-1 CTA Experiment #1,pageview,16604530035,Inactive,,
URL Targeting for The Resident CTA Experiment #1,pageview,16625510048,Inactive,,
URL Targeting for GUILD:  authentication_state Targeting QA,pageview,16537950518,Inactive,,
URL Targeting for (ZR) Authenticated Users Targeting,pageview,16569680184,Inactive,,
URL Targeting for MARCRE-169 The Masked Singer Experiment #1(mobile),pageview,16366530261,Inactive,,
URL Targeting for CPEWEB-16 - Content Density - Showcase Update,pageview,16397630285,Inactive,,
URL Targeting for MARCRE-170 The Masked Singer Experiment #2 [Video Tile Icons],pageview,16294980284,Inactive,,
URL Targeting for MARCRE-171 The Masked Singer Experiment # 3 [Favorites],pageview,16336080622,Inactive,,
URL Targeting for Shows Page New Girl Banner,pageview,10708180173,Inactive,,
URL Targeting for SB_Test_UAT,pageview,10742721329,Inactive,,
URL Targeting for Homepage Redesign #4 -- FoxAwesome,pageview,10878601326,Inactive,,
URL Targeting for Series Detail Empty Space Removal,pageview,11070856011,Inactive,,
Fox.com Smart Banner (NEW),pageview,11399113524,Inactive,,
Detail Page View from Homepage  (Keep Exclusions Up-To-Date),pageview,17531630004,Active,,
Detail Page View from News LP (Keep Exclusions Up-To-Date),pageview,17521870025,Active,,
Detail Page View from Sports LP  (Keep Exclusions Up-To-Date),pageview,17521870024,Active,,
Live Page View from Entertainment LP,pageview,17509241604,Active,,
Detail Page View from Entertainment LP (Keep Exclusions Up-To-Date),pageview,17502830017,Active,,
Watch Page View from Section Landing Page,pageview,17499441492,Inactive,,
URL Targeting for SB Minus Mode,pageview,17487680366,Inactive,,
Watch Page View from Sports LP,pageview,17480392599,Active,,
Entertainment Section Landing Page,pageview,17553580488,Active,,
News Section Landing Page,pageview,17546520709,Active,,
URL Targeting for MARCRE-169 The Masked Singer Experiment #1,pageview,16262871062,Inactive,,
URL Targeting for Add CTA test,pageview,16176010258,Inactive,,
Entertainment Section Pages,pageview,15906750371,Inactive,,
URL Targeting for CPE Optimization Training: Example Experiment,pageview,15886040022,Inactive,,
URL Targeting for Watch Live CTA,pageview,15840270476,Inactive,,
URL Targeting for [OPT-275] Verizon FIOS Pre-Drop Campaign,pageview,15729690573,Inactive,,
URL Targeting for Copy of FOX.com Metrics QA,pageview,16160600024,Inactive,,
URL Targeting for FOX.com Metrics QA,pageview,16030670078,Inactive,,
Sports Section Pages,pageview,15960970402,Inactive,,
All Pages EXCEPT Entertainment Section Pages,pageview,15943610881,Inactive,,
Project Name:,FOX NOW Web (Staging),,,,
Project Platform:,web,,,,
Project ID:,2367840277,,,,
Event Name,Event Type,Event ID,Event Status,,
Clicked Header CTA,click,14740300016,Inactive,,
Clicked Special Events Link,click,14732100775,Inactive,,
Video Playback Started,custom,17489830157,Active,,
16:9 Thumbnail Click,click,17452850577,Active,,
URL Targeting for Gate Homepage Redesign Staging,pageview,11381230223,Inactive,,
URL Targeting for Video Player Header Spacing,pageview,11722251126,Inactive,,
URL Targeting for Networks Bar,pageview,14386940196,Inactive,,
URL Targeting for .99c Promo,pageview,14728510014,Inactive,,
call back activation,pageview,10884351295,Inactive,,
URL Targeting for Testing FX+ LP Staging,pageview,11083634270,Inactive,,
FX+ LP Staging,pageview,11109166513,Inactive,,
URL Targeting for Override player ad profile,pageview,11379086138,Inactive,,
URL Targeting for Fake Nation Collection,pageview,15912811431,Inactive,,
URL Targeting for FOXD-525 Content Density Nation Section,pageview,16345870466,Inactive,,
Lethal Weapon,pageview,9262746845,Inactive,,
Staging Homepage,pageview,9190185463,Inactive,,
Homepage 2,pageview,9270633893,Inactive,,
Family Guy,pageview,9265734641,Inactive,,
(SB) Staging Homepage NEW,pageview,9436502244,Inactive,,
URL Targeting for FOX Homepage - SB - Reduce Height on FOX Presents,pageview,9425981029,Inactive,,
FOX Homepage,pageview,9583420052,Inactive,,
URL Targeting for ASO - StoreMaven iOS Download Banner - SB,pageview,9517750886,Inactive,,
URL Targeting for Mobile App Banner in Menu - SB - Mobile Web,pageview,9987078538,Inactive,,
Staging Show Page,pageview,9620081863,Inactive,,
Global Staging Page (App Menu) - SB,pageview,10037472726,Inactive,,
Mobile App Menu - Global Staging Page,pageview,10016132538,Inactive,,
URL Targeting for Test Experiment,pageview,10602782585,Inactive,,
URL Targeting for DCGWEB-2535 - Optimizely - Homepage Redesign - Contain Videos in Div/Content Block,pageview,10362995494,Inactive,,
URL Targeting for Fox Awesome QA,pageview,10676651243,Inactive,,
URL Targeting for Homepage Landing Variations - NG - Rough Test,pageview,10611205418,Inactive,,
URL Targeting for Audience_UAT_SB_v2_WatchBehavior,pageview,10744980644,Inactive,,
URL Targeting for Audience_UAT_SB,pageview,10730902946,Inactive,,
All pages,pageview,10876680834,Inactive,,
URL Targeting for Fox Awesome QA,pageview,10868080600,Inactive,,
Staging Landing Pages,pageview,17466500118,Active,,
URL Targeting for CPEWEB-16 - Content Density - Showcase Update,pageview,16537950261,Inactive,,
Project Name:,FOX NOW Web (Dev/QA),,,,
Project Platform:,web,,,,
Project ID:,2376850443,,,,
Event Name,Event Type,Event ID,Event Status,,
Video Playback Started,custom,17783593140,Active,,
16:9 Thumbnail Click,click,17445840831,Active,,
Video Content Playing,custom,17819090797,Active,,
Thumbnail Click,click,9262900433,Inactive,,
Fox Presents Item Clicks,click,9257010500,Inactive,,
Favorite Changed,custom,10654265039,Inactive,Delete,
Video Started,custom,10559824343,Inactive,,
Watch for first item in collection,click,10728801080,Inactive,,
Time to Click First Item,custom,10727711983,Inactive,Delete,
Sign Up Started,custom,11081060106,Inactive,Delete,
Time to Video Start,custom,10739200328,Inactive,Delete,
Banner Button Click,click,13580860152,Inactive,,
Banner X Click,click,13571950018,Inactive,,
URL Targeting for DUX-9 Content Density Nation Show Poster Collection,pageview,16230890872,Inactive,,
URL Targeting for MARCRE-170 The Masked Singer Experiment #2,pageview,16264681183,Inactive,,
URL Targeting for MARCRE-169 The Masked Singer Experiment #1 (mobile) v1,pageview,16374790103,Inactive,,
URL Targeting for Copy of MARCRE-169 The Masked Singer Experiment #1 (mobile) v2,pageview,16380860503,Inactive,,
URL Targeting for MARCRE-170 The Masked Singer Experiment #2 [Video Tile Icons],pageview,16396440573,Inactive,,
URL Targeting for MARCRE-171 The Masked Singer Experiment # 3 [Favorites],pageview,16396520058,Inactive,,
URL Targeting for MARCRE-169 The Masked Singer Experiment #1 (mobile) v3,pageview,16486370091,Inactive,,
The Resident & 911 Series Detail Pages,pageview,16559680391,Inactive,,
"QA ""Change Plan"" Page",pageview,16842634877,Inactive,,
URL Targeting for MVPD Search Bar on main provider page,pageview,16923910884,Inactive,,
URL Targeting for Time Conversion Test,pageview,10731970391,Inactive,,
URL Targeting for DCGWEB-3421 [Web] [Optimizely] Test new Carousel Arrows - Redesign,pageview,10734822829,Inactive,,
URL Targeting for UAT_SB_Audience_ViewingBehavior,pageview,10746520609,Inactive,,
URL Targeting for [DCGWEB-3423] Small Collection Header Title for Fox Awesome Layout,pageview,10759740866,Inactive,,
Delta QA All Pages,pageview,10561145982,Active,,
"URL Targeting for DCGWEB-2812 Hover Menu to ""Shows"" and ""Movies"" in the Top Nav",pageview,10572011884,Inactive,,
URL Targeting for Overlay Experiment Template,pageview,10676591841,Inactive,,
URL Targeting for Tine Conversion Integration Test,pageview,10731672743,Inactive,,
URL Targeting for Audience test,pageview,10814465010,Inactive,,
URL Targeting for SeriesLogo for First Collection FoxAwesome,pageview,10816210953,Inactive,,
Homepage QA Exact Match,pageview,9183143413,Inactive,,
Staging Homepage,pageview,9261467939,Inactive,,
URL Targeting for DCGWEB-2420 - Support A/B Testing Expanded Homepage Collections,pageview,10155031969,Inactive,,
URL Targeting for DCGWEB-2455 [Web] Support Ability to A/B Test Different Collection Configurations,pageview,10229360003,Inactive,,
URL Targeting for Shows Banner,pageview,10242224423,Inactive,,
URL Targeting for Sandbox,pageview,10450593891,Inactive,,
URL Targeting for DCGWEB-2791: Shows Page Banner Test,pageview,10437487117,Inactive,,
URL Targeting for Dynamic Website Test,pageview,10369442047,Inactive,,
URL Targeting for DCGWEB-2535 - Optimizely - Homepage Redesign - Contain Videos in Div/Content Block,pageview,10310897917,Inactive,,
URL Targeting for Homepage Redesign,pageview,10404973855,Inactive,,
URL Targeting for Homepage Redesign,pageview,10375248597,Inactive,,
URL Targeting for test for sara,pageview,16154660256,Inactive,,
URL Targeting for FOXD-525 Content Density Nation Section,pageview,16123460585,Inactive,,
URL Targeting for [Web] [Optimizely] Support A/B Testing Homepage Redesign - Collection Items Close Together,pageview,10488653103,Inactive,,
URL Targeting for Sandbox2,pageview,10457412290,Inactive,,
URL Targeting for SB_Test_Demo,pageview,10560408900,Inactive,,
URL Targeting for TMT-348 Page test name,pageview,15832190714,Inactive,,
URL Targeting for FOXD-557 - Content Density - Showcase Update,pageview,16079020593,Inactive,,
QA Entertainment Page,pageview,15920470042,Inactive,,
URL Targeting for Replace screens with new categories,pageview,15633810472,Inactive,,
URL Targeting for [OPT-272] Dish-Sling Pre-Drop Campaign,pageview,15590300675,Inactive,,
URL Targeting for Fake Nation Collection,pageview,15753960368,Inactive,,
URL Targeting for Optimizely Capabilities,pageview,15727010194,Inactive,,
URL Targeting for Watch Live CTA,pageview,15840250722,Inactive,,
URL Targeting for DCGWEB-2814 - Watch CTAs on Show Detail Pages,pageview,10524440778,Inactive,,
URL Targeting for TMT-372 Optimizely/Tealium holdEvents/sendEvents QA,pageview,15307280467,Inactive,,
URL Targeting for (OPT-269) FOX NOW bottom web banner,pageview,15526181326,Inactive,,
URL Targeting for Tongyoo Test,pageview,14735850046,Inactive,,
URL Targeting for TMT-344 - [Optimization] [Nation] Rollback Permanent Changes,pageview,15260570455,Inactive,,
URL Targeting for DCGWEB-5716 - [Nation] Fox News - Remove Age and Gender Fields in `Create Account`,pageview,13512850125,Inactive,,
URL Targeting for Networks Bar,pageview,14313070007,Inactive,,
URL Targeting for DCGWEB-5596 - [Optimizely] Direct Trigger to Index List,pageview,13255120381,Inactive,,
URL Targeting for DCGWEB-4833 [Optimizely] MVPD Index List Page,pageview,13256760123,Inactive,,
URL Targeting for Replace collections - HSR,pageview,12003850935,Inactive,,
URL Targeting for DCGWEB-5357 TV Provider Link on Sign Up Success Screen,pageview,12900770247,Inactive,,
Homepage,pageview,9256062123,Inactive,,
QA Delta Homepage,pageview,9267630399,Active,,
URL Targeting for DCGWEB-2421 - Support A/B Testing Show Key Art Icons,pageview,10164527206,Inactive,,
URL Targeting for New Users and Returning Users Banner on Shows,pageview,10237063184,Inactive,,
URL Targeting for DCGWEB-2534 - Optimizely - Homepage Redesign - Test Rotating Carousel,pageview,10276341916,Inactive,,
URL Targeting for [CPEOPT-356] Web Update: FYC 2020,pageview,17821301200,Inactive,,
URL Targeting for asdfasdf,pageview,17800130466,Inactive,,
QA Section Landing Pages,pageview,17467060949,Active,,
QA Watch Page from Homepage,pageview,17281672277,Inactive,,
QA News Landing Page,pageview,17143970691,Inactive,,
QA Watch Page from Entertainment Section Landing Page,pageview,17140242397,Inactive,,
QA Live Landing Page,pageview,17140150384,Inactive,,
QA Sports Landing Page,pageview,17126431516,Inactive,,
URL Targeting for [Guild Demo] Homepage Experiment,pageview,17903140559,Inactive,,
URL Targeting for Preview Pass Login Visible,pageview,11917520023,Inactive,,
URL Targeting for Header Spacing Fix for Video Player,pageview,11695831774,Inactive,,
URL Targeting for Sandbox Experiment,pageview,11322030771,Inactive,,
URL Targeting for Sandbox Experiment,pageview,11311824048,Inactive,,
URL Targeting for Button Test,pageview,11216174559,Inactive,,
"URL Targeting for DCGWEB-3369 [Web] [Optimizely] Authentication Display in Nav ""Sign in"" TV Provider/My Profile",pageview,10819214414,Inactive,,
URL Targeting for EW Testing,pageview,11608620211,Inactive,,
URL Targeting for HSR Test,pageview,11494301319,Inactive,,
URL Targeting for Gate Homepage Redesign,pageview,11343402374,Inactive,,
URL Targeting for testing moving collections,pageview,11342172529,Inactive,,
Project Name:,FOX NOW tvOS,,,,
Project Platform:,custom,,,,
Project ID:,8457836347,,,,
Event Name,Event Type,Event ID,Event Status,,
my_conversion,custom,8518946542,Inactive,Delete,
authentication_complete,custom,8466802366,Inactive,Delete,
video_started,custom,8551170623,Active,Delete,
Project Name:,FOX NOW Delta Android X (Dev & QA),,,,
Project Platform:,custom,,,,
Project ID:,8532011316,,,,
Event Name,Event Type,Event ID,Event Status,,
None,custom,10762582882,Inactive,,
video_started,custom,9007960073,Inactive,Delete,
Project Name:,FOX NOW Delta Android X (Production),,,,
Project Platform:,custom,,,,
Project ID:,8532501237,,,,
Event Name,Event Type,Event ID,Event Status,,
video_started,custom,9185483497,Inactive,Delete,
Project Name:,FOX NOW iOS,,,,
Project Platform:,custom,,,,
Project ID:,8537230578,,,,
Event Name,Event Type,Event ID,Event Status,,
Favorites_Grid,custom,8608531764,Inactive,,
video_started,custom,8547400801,Inactive,Delete,
Profile Sign In Started,custom,17735580832,Inactive,,
Profile Sign Up Completed,custom,17071231857,Active,,
Profile Sign Up Started,custom,17759360037,Active,,
Profile Sign In Completed,custom,17739110958,Inactive,,
Video Playback Started,custom,17845601138,Active,,
Video Content Playing,custom,17828401010,Active,,
Playlist Button Action,custom,17851710451,Active,,
Project Name:,FOX NOW Delta Android X (Staging),,,,
Project Platform:,custom,,,,
Project ID:,8540210129,,,,
Event Name,Event Type,Event ID,Event Status,,
video_started,custom,9223550033,Inactive,Delete,
Project Name:,FOX Delta Full Stack (Server Side),,,,
Project Platform:,custom,,,,
Project ID:,10560494905,,,,
Event Name,Event Type,Event ID,Event Status,,
video_viewed,custom,10597682580,Inactive,Delete,
Project Name:,FOX Nation Web X (Staging),,,,
Project Platform:,web,,,,
Project ID:,11042110303,,,,
Event Name,Event Type,Event ID,Event Status,,
Clicked Header CTA,click,14726550023,Inactive,,
Clicked Special Events Link,click,14710630337,Inactive,,
Select the Play button,click,16943731065,Inactive,,
Select Plan Staging,pageview,14736370029,Inactive,,
URL Targeting for Tiers Book Badge,pageview,17486160514,Inactive,,
URL Targeting for .99 Cent Promo,pageview,14714730042,Inactive,,
URL Targeting for Memorial Day - Folds of Honor Foundation,pageview,14973631116,Inactive,,
URL Targeting for 99c red banner,pageview,14856150063,Inactive,,
Homepage & All Pages Excluding Funnel - Staging,pageview,15349680956,Inactive,,
URL Targeting for BINGE Promo w/user flow headband,pageview,15209890566,Inactive,,
URL Targeting for Memorial Day - Folds of Honor for IE11,pageview,14980190521,Inactive,,
URL Targeting for TMT-440 Silver,pageview,17132670017,Inactive,,
URL Targeting for TMT-440 Monthly,pageview,17138540005,Inactive,,
URL Targeting for TMT-440 Yearly,pageview,17153210021,Inactive,,
Payment Screen Nation Staging,pageview,17264364681,Active,,
URL Targeting for [DC] - Content Paragraphs (localhost:8080),pageview,15986470318,Inactive,,
URL Targeting for OPT-277 - Discounted Silver Patriot Plan for Fox Nation Founders,pageview,16514970373,Inactive,,
URL Targeting for test,pageview,16816100373,Inactive,,
Featured Page where user mouses over 3rd tile in the Crime collection,pageview,16914274146,Active,,
URL Targeting for [DC] TESTING Hero Area Extension,pageview,15934280121,Inactive,,
URL Targeting for [DC] TESTING Hero Area Extension w/image placement,pageview,15930000897,Inactive,,
Homepage Substring Match - STAGING,pageview,15262600601,Inactive,,
URL Targeting for ChatBot Experiment,pageview,17287002028,Inactive,,
URL Targeting for Modal Checkout Flow Test (Staging),pageview,17469992189,Inactive,,
URL Targeting for Tealium Experiment,pageview,12126361058,Inactive,,
URL Targeting for TESTING Hero Extension,pageview,11944543882,Inactive,,
Nation Staging Homepage,pageview,13835560411,Inactive,,
URL Targeting for Replace Home with hs-video-expr (Staging),pageview,12229192954,Inactive,,
URL Targeting for DCGTEST-193 Redesign Plan V3,pageview,14424810088,Inactive,,
"URL Targeting for DCGTEST-194 - [Nation] Adjust ""Hero Area"" Extension to Fit Personalities Image",pageview,14258160316,Inactive,,
URL Targeting for DCGTEST-201 - [Nation] Redesign 'Payment' Screen V1,pageview,14625680732,Inactive,,
URL Targeting for DCGTEST-166 - Payment page QA,pageview,14557720039,Inactive,,
Payment Screen Staging,pageview,14708740032,Active,,
URL Targeting for DCGTEST-173 - [Nation] Toggle Error Messages Text,pageview,14627930374,Inactive,,
Project Name:,FOX Nation iOS X,,,,
Project Platform:,custom,,,,
Project ID:,11047432138,,,,
Event Name,Event Type,Event ID,Event Status,,
Onboarding Started,custom,13232660284,Inactive,Delete,
Profile Sign Up Completed,custom,13228950206,Inactive,,
Removed Favorites,custom,15949440673,Inactive,,
Push Notifications Allowed,custom,13522800029,Inactive,Delete,
Video Playback Started,custom,13253100472,Inactive,,
App Error Occurred,custom,16045940195,Inactive,Delete,
Authentication Successful,custom,16059500339,Inactive,Delete,
Content Started,custom,13242880524,Inactive,Delete,
Account Create Form Started,custom,13240230793,Inactive,Delete,
Video Content Playing,custom,15963060796,Inactive,,
Authentication Started,custom,15967410591,Inactive,,
Authentication Completed,custom,15969270461,Inactive,,
Authentication Select Provider Started,custom,16026410366,Inactive,,
Added Favorites,custom,15961450657,Inactive,,
Profile Sign Up Started,custom,15957580231,Inactive,,
Video Content Started,custom,14375930211,Inactive,,
Profile Sign In Started,custom,13216050344,Inactive,,
Plan Selection Form Completed,custom,13208080361,Inactive,Delete,
Notifications Opted-In,custom,13217730512,Inactive,Delete,
Video Started,custom,13216070362,Inactive,Delete,
Payment Form Started,custom,13217930222,Inactive,Delete,
Payment Form Completed,custom,13217830548,Inactive,Delete,
Notifications Opted-Out,custom,13221890116,Inactive,Delete,
Payment Completed,custom,13221240715,Inactive,,
Profile Sign In Completed,custom,13228940758,Inactive,,
Video Viewed,custom,13225340328,Inactive,Delete,
Project Name:,FOX Nation Android X (Staging),,,,
Project Platform:,custom,,,,
Project ID:,11051273599,,,,
Event Name,Event Type,Event ID,Event Status,,
Project Name:,FOX Nation Web X (Dev & QA),,,,
Project Platform:,web,,,,
Project ID:,11051401623,,,,
Event Name,Event Type,Event ID,Event Status,,
Payment Completed,custom,16658030413,Active,,
Payment Started,custom,16652510031,Active,,
Visited Unbounce Marketing Landing Page,custom,16640540370,Inactive,,
Live Video Content Playing (Lambda POC),custom,16211140094,Inactive,Delete,
Profile Sign Up Started,custom,16648600137,Inactive,,
Profile Sign Up Completed,custom,16640870191,Inactive,,
American Patriot Show Click,click,16933203664,Inactive,,
Start Your Free Trial Button Click,click,17147721066,Active,,
Select Plan Completed,custom,16671100261,Inactive,,
Select Plan Started,custom,16669280021,Inactive,,
Video Content Playing,custom,16848297963,Active,,
Video Playback Started,custom,16840785010,Active,,
Clicked Header CTA,click,14708150106,Inactive,,
Clicked 'Sign Up',click,11081933232,Inactive,,
Video Content Started,custom,15272060711,Inactive,,
Clicked Special Events Link,click,14735580541,Inactive,,
VOD Video Content Playing (Lambda POC),custom,16168520438,Inactive,Delete,
Video Content Start,custom,15274010944,Inactive,Delete,
VOD LF Video Content Playing (Lambda POC),custom,16191140398,Inactive,Delete,
VOD Video Content Started (Lambda POC),custom,16187340478,Inactive,Delete,
VOD LF Video Content Started (Lambda POC),custom,16196940290,Inactive,Delete,
Live Video Content Started (Lambda POC),custom,16191390234,Inactive,Delete,
URL Targeting for TESTING Optimizely-Unbounce-Segment Integration,pageview,14272990395,Inactive,,
URL Targeting for Copy of TESTING Optimizely-Unbounce-Segment Integration,pageview,14408730313,Inactive,,
URL Targeting for DCGTEST-193 Enable V3 Plans Redesign,pageview,14439590305,Inactive,,
URL Targeting for Series detail page test,pageview,14455290111,Inactive,,
URL Targeting for Testing Links,pageview,14461710078,Inactive,,
URL Targeting for DCGTEST-201 - Redesign 'Payment' Screen V1,pageview,14502710565,Inactive,,
URL Targeting for DCGTEST-173 - Toggle Error Messages Text,pageview,14569140712,Inactive,,
URL Targeting for Monthly Single Plan Sign Up (QA),pageview,14621410376,Inactive,,
URL Targeting for  DCGTEST-216 - [Nation] Toggle $0.99 Countdown Timer in Homepage,pageview,14626520655,Inactive,,
URL Targeting for  DCGTEST-210 - [Nation] Toggle Removing Name Fields in 'Create Account' Screen,pageview,14646310230,Inactive,,
URL Targeting for (ZR) Welcome Video,pageview,12099876374,Inactive,,
URL Targeting for Sviatlana Hero,pageview,12105760356,Inactive,,
URL Targeting for TESTING DCGC-2260 - Fix Evar65,pageview,12107455059,Inactive,,
URL Targeting for TESTING hs-video-expr,pageview,12111317469,Inactive,,
URL Targeting for Hero Area Extension Troubleshooting,pageview,11938952473,Inactive,,
URL Targeting for TESTING Account Pages [Nation],pageview,11940871342,Inactive,,
URL Targeting for TESTING Hero Image Extension,pageview,11942511240,Inactive,,
URL Targeting for Copy of Slide 1,pageview,11985720625,Inactive,,
URL Targeting for Tealium Experiment Name test,pageview,12111720858,Inactive,,
URL Targeting for Replace Collections on Nation Screens (1),pageview,12115188147,Inactive,,
Homepage,pageview,11079673528,Inactive,,
URL Targeting for Attributes Test,pageview,11471933891,Inactive,,
URL Targeting for Testing Passing Info 2 Adobe,pageview,11544610701,Inactive,,
Audio Tab,pageview,11709535009,Inactive,,
URL Targeting for TESTING Adobe Integration,pageview,11795313696,Inactive,,
URL Targeting for TMT-344 - [Optimization] [Nation] Rollback Permanent Changes,pageview,15307710473,Inactive,,
URL Targeting for (dc) - quick local test,pageview,15281770720,Inactive,,
URL Targeting for (DC) - testing subhead insert -ZR Edits,pageview,15149040161,Inactive,,
Homepage & All Pages Excluding Funnel - QA,pageview,15131781220,Inactive,,
URL Targeting for TMT-346 Select Plan CTAs Links,pageview,15214431249,Inactive,,
URL Targeting for (ZR) Promo Code Exploration,pageview,15197690187,Inactive,,
URL Targeting for TMT-344 - [Optimization] [Nation] Rollback Permanent Changes,pageview,15256890533,Inactive,,
URL Targeting for Copy of (DC) - testing subhead insert -ZR Edits,pageview,15251470831,Inactive,,
URL Targeting for TMT-311 Optimizely/Adobe v65 Fix (A/A Test),pageview,15281260470,Inactive,,
URL Targeting for DCGWEB-6703 - Vilynx In Nation,pageview,15273380315,Inactive,,
URL Targeting for Testing Pass To Adobe Founders,pageview,11808674917,Inactive,,
URL Targeting for (SB) Plans - Change Plan Highlighting,pageview,11797655439,Inactive,,
URL Targeting for (SB) LP - Remove Pricing on Packages Module,pageview,11814371696,Inactive,,
Featured - Home,pageview,11812562494,Inactive,,
URL Targeting for DCGTEST-163 - [Nation] Add Plans (Packages) Module on Homepage,pageview,14234540232,Inactive,,
"URL Targeting for DCGTEST-194 - [Nation] Adjust ""Hero Area"" Extension to Fit Personalities Image",pageview,14219260059,Inactive,,
URL Targeting for (ZR) Last Chance Messaging,pageview,11920090662,Inactive,,
URL Targeting for Replace Slides on Nation (Auth and Sub),pageview,11848081564,Inactive,,
URL Targeting for DCGTEST-166 Support preview of account and payment screens,pageview,14214730235,Inactive,,
URL Targeting for DCGTEST-167 [Nation] Fox News - Optimizely: Remove Promotion Code on Payment Screen,pageview,14196100169,Inactive,,
URL Targeting for DCGTEST-165 - [Nation] Fox News - Optimizely: Apply Design Changes on Funnel Screens,pageview,14218610135,Inactive,,
URL Targeting for Tongyoo Test Experiment,pageview,14215610243,Inactive,,
URL Targeting for DCGTEST-164 [Nation] Add New Content Module on Homepage,pageview,14072060267,Inactive,,
URL Targeting for DCGTEST-163 [Nation] Add Plans (Packages) Module on Homepage,pageview,14066760209,Inactive,,
URL Targeting for (ZR) Multi-Page Example Test,pageview,14170510144,Inactive,,
URL Targeting for DCGTEST-166 [Nation] Support Optimizely Preview of Account + Payment Screen,pageview,14135550012,Inactive,,
URL Targeting for TESTING Account Pages [Founders],pageview,11938590163,Inactive,,
URL Targeting for Slide 1,pageview,11928310035,Inactive,,
Pick-a-Plan Page,pageview,11824222873,Inactive,,
URL Targeting for (DC) - testing subhead insert,pageview,15037580516,Inactive,,
URL Targeting for Test Analytics holdEvents/sendEvents,pageview,15131770752,Inactive,,
URL Targeting for TMT-225 Redesign 'Select Plan' V4,pageview,14812620109,Inactive,,
localHost,pageview,14878920626,Inactive,,
Homepage QA,pageview,14735340078,Inactive,,
URL Targeting for Redirect eVar65 test,pageview,14772800192,Inactive,,
URL Targeting for (ZR) Special Events Toggle,pageview,14963371231,Inactive,,
URL Targeting for (ZR) Indexing Test Concept,pageview,15033820527,Inactive,,
URL Targeting for TMT-222 Redesign 'Select Plan' V5,pageview,14908730884,Inactive,,
URL Targeting for 3-Tier Content Module,pageview,14954960954,Inactive,,
URL Targeting for DCGTEST-190 [Nation] Toggle CTAs Color in Account + Payment Screens,pageview,13845240453,Inactive,,
URL Targeting for DCGTEST-190 [Nation] Toggle CTAs Color in Account + Payment Screens,pageview,13870330132,Inactive,,
Sign Up Account,pageview,13833920607,Inactive,,
Sign Up Payment,pageview,13837500216,Inactive,,
URL Targeting for TESTING EVar 65 on Signup-Payment,pageview,13797540476,Inactive,,
URL Targeting for DCGTEST-190 [Nation] Toggle CTAs Color in Account + Payment Screens,pageview,13798670405,Inactive,,
stg.wp.foxsports.com,pageview,13768320331,Inactive,,
localhost,pageview,13772400270,Inactive,,
URL Targeting for Redesign 'Select Plan' Screen,pageview,13740670292,Inactive,,
http://localhost:8087/,pageview,13751320708,Inactive,,
URL Targeting for test1,pageview,11095692887,Inactive,,
URL Targeting for QA Nation Test,pageview,11482971524,Inactive,,
URL Targeting for Homepage Space Fix,pageview,11697985955,Inactive,,
URL Targeting for (SB) LP - Replace Hero Images,pageview,11786033521,Inactive,,
URL Targeting for TMT-440 Yearly,pageview,16828615136,Inactive,,
URL Targeting for TMT-227 Notification Bar - top,pageview,16832428256,Inactive,,
|Featured Page w/ LDS,Continue Watching,Your Watchlist Collections Visible|,pageview,,
URL Targeting for TMT-227 Notification Bar - MLP and Content home page,pageview,16846893827,Inactive,,
URL Targeting for PT's Test Experiment,pageview,16848573393,Inactive,,
QA Select Plan Page reached via Series Detail or Personalities Page,pageview,16852763574,Active,,
URL Targeting for TMT-440 Silver,pageview,16856560912,Inactive,,
URL Targeting for TMT-440 Founder,pageview,16858126621,Inactive,,
QA Series Detail Page,pageview,16865178485,Inactive,,
URL Targeting for TMT-440 Monthly News,pageview,16873003468,Inactive,,
URL Targeting for OPT-254 Backtest Original Fox Nation Site,pageview,15349800539,Inactive,,
URL Targeting for TMT-346 [Optimization] [Nation] Toggle 'Select Plan' CTAs Links,pageview,15350070099,Inactive,,
URL Targeting for Celebrate America,pageview,15360320682,Inactive,,
URL Targeting for TMT-296 - [Optimization] [Nation] Toggle Displaying Dropdowns in Payment Screen,pageview,15373360866,Inactive,,
URL Targeting for (dc) - quick local test,pageview,15281770720,Inactive,,
URL Targeting for TMT-344 - [Optimization] [Nation] Rollback Permanent Changes,pageview,15307710473,Inactive,,
URL Targeting for MARCRE-84 -- Skip Plan Select,pageview,15317000703,Inactive,,
URL Targeting for TMT-372 Optimizely holdEvents/sendEvents QA Experiment,pageview,15322950608,Inactive,,
URL Targeting for TMT-220 [Optimization] [Nation] Toggle Adding Testimonials V1 on Homepage,pageview,15513530111,Inactive,,
URL Targeting for TMT-220 [Optimization] [Nation] Toggle Adding Testimonials V1 on Homepage,pageview,15541210033,Inactive,,
Select Plan QA,pageview,14729530657,Inactive,,
Homepage QA,pageview,14735340078,Inactive,,
URL Targeting for TMT-225 Redesign 'Select Plan' V4,pageview,14812620109,Inactive,,
URL Targeting for TMT-222 Redesign 'Select Plan' V5,pageview,14908730884,Inactive,,
URL Targeting for (ZR) Special Events Toggle,pageview,14963371231,Inactive,,
URL Targeting for TMT-346 Select Plan CTAs Links,pageview,15214431249,Inactive,,
QA Watch Page w/ Detail Page URL Breadcrumb Callback Activation,pageview,17884200930,Active,,
URL Targeting for (ZR) Promo Code Exploration,pageview,15197690187,Inactive,,
URL Targeting for Test Analytics holdEvents/sendEvents,pageview,15131770752,Inactive,,
URL Targeting for (DC) - testing subhead insert,pageview,15037580516,Inactive,,
URL Targeting for (DC) - testing subhead insert -ZR Edits,pageview,15149040161,Inactive,,
Homepage & All Pages Excluding Funnel - QA,pageview,15131781220,Inactive,,
Create Account QA,pageview,16818840404,Inactive,,
Payment Confirmation QA,pageview,16818660705,Inactive,,
URL Targeting for TMT-344 - [Optimization] [Nation] Rollback Permanent Changes,pageview,15256890533,Inactive,,
URL Targeting for Copy of (DC) - testing subhead insert -ZR Edits,pageview,15251470831,Inactive,,
URL Targeting for CPEOPT-95 TC #4 QA Unbounce Tracking Test Cases,pageview,16630860274,Inactive,,
URL Targeting for TMT-227 Notification Bar - top,pageview,16623430421,Inactive,,
URL Targeting for CPEOPT-95 TC #5 QA Unbounce Tracking Test Cases,pageview,16667250081,Inactive,,
QA Payment Funnel Pages,pageview,16634880722,Inactive,,
URL Targeting for TMT-440 Subscription Plan User Attribute - Yearly,pageview,16460210688,Inactive,,
URL Targeting for TMT-440 Subscription Plan User Attribute - Founders,pageview,16448700814,Inactive,,
URL Targeting for TMT-227 Notification Bar - bottom,pageview,16606880931,Inactive,,
URL Targeting for TMT-440 Subscription Plan User Attribute - Monthly,pageview,16464480551,Inactive,,
URL Targeting for TMT-311 Optimizely/Adobe v65 Fix (A/A Test),pageview,15281260470,Inactive,,
URL Targeting for DCGWEB-6703 - Vilynx In Nation,pageview,15273380315,Inactive,,
URL Targeting for Modal Checkout Flow A/B Test,pageview,17799202087,Inactive,,
All QA Nation Content Pages,pageview,17815830200,Active,,
URL Targeting for Modal Checkout Flow A/B Test,pageview,17472630712,Inactive,,
URL Targeting for Copy of Tiers Book Badge,pageview,17479641077,Inactive,,
URL Targeting for Carousel vs Static test,pageview,17281143193,Inactive,,
URL Targeting for Fox Nation Test Experiment with Extension,pageview,17287012122,Inactive,,
URL Targeting for [CPEOPT-317]: Prospect Watch Page Redirect,pageview,17762400642,Inactive,,
|QA Watch Page,waiting for Breadcrumb Link|,pageview,17794650194,,Inactive
URL Targeting for Tiers Book Badge,pageview,17483490890,Inactive,,
URL Targeting for SessionStorage Audience Test,pageview,17512220072,Inactive,,
URL Targeting for DUX-9 Content Density Nation Show Poster Collection,pageview,16265280779,Inactive,,
URL Targeting for TMT-520 [Nation] Pass '50% Of Video Watching' as Custom Attribute,pageview,16299540559,Inactive,,
URL Targeting for OPT-277 - Discounted Silver Patriot Plan for Fox Nation Founders,pageview,16262540330,Inactive,,
URL Targeting for TMT-553 - Pass subscription_state to Optimizely as Attribute,pageview,16263840496,Inactive,,
URL Targeting for TMT-514 Num visits - 3,pageview,16250250055,Inactive,,
Change Plans,pageview,16261840306,Inactive,,
URL Targeting for TMT-514 Num visits - 1,pageview,16238251358,Inactive,,
URL Targeting for TMT-514 Num visits - 2,pageview,16248110270,Inactive,,
"All ""Watch"" Pages",pageview,16207300018,Inactive,,
Change Plans Test A,pageview,16234331094,Inactive,,
URL Targeting for DCGTEST-215 Promo Hero,pageview,14733210101,Inactive,,
URL Targeting for Redirect eVar65 test,pageview,14772800192,Inactive,,
localHost,pageview,14878920626,Inactive,,
URL Targeting for 3-Tier Content Module,pageview,14954960954,Inactive,,
URL Targeting for (ZR) Indexing Test Concept,pageview,15033820527,Inactive,,
URL Targeting for Chatbot Test,pageview,17014450727,Inactive,,
Featured Page w/ HTML Element Detection,pageview,16933394180,Inactive,,
Fox Nation / American Patriots Hybrid Landing Page,pageview,16931881352,Inactive,,
URL Targeting for (ZR) Homepage Redirect Test,pageview,16920361663,Inactive,,
URL Targeting for [OPT-288] American Patriot Landing Page Redirect Test - ORGANIC TRAFFIC,pageview,16912165107,Inactive,,
URL Targeting for Alternative Tiers Design for New Users,pageview,16906500463,Inactive,,
URL Targeting for [OPT-288] American Patriot Landing Page Redirect Test - ORGANIC TRAFFIC,pageview,16904163648,Inactive,,
URL Targeting for PT: Notification Bar Placements,pageview,16879840529,Inactive,,
Payment Screen Nation Dev,pageview,17266033022,Active,,
Detail or Personality Page,pageview,17132113142,Inactive,,
URL Targeting for [MARCRE-156] - Implement September Theme,pageview,16121690626,Inactive,,
URL Targeting for [MARCRE-156] - Implement September Theme (IE11),pageview,16120830402,Inactive,,
All Nation Pages,pageview,15920690513,Inactive,,
URL Targeting for TMT-299 Marketing Home,pageview,15754600438,Inactive,,
URL Targeting for [MARCRE-118] - August is Killer Hero,pageview,15697071007,Inactive,,
URL Targeting for TMT-299 Toggle DPP Screens,pageview,15608321343,Inactive,,
URL Targeting for [DC] - Tabbed Content (localhost:8080),pageview,16010380272,Inactive,,
URL Targeting for Test New Hero Area,pageview,15941000786,Inactive,,
All QA Nation Pages,pageview,15932460489,Active,,
URL Targeting for testing page_test_name,pageview,15925260158,Inactive,,
Project Name:,FOX Nation Android X (Production),,,,
Project Platform:,custom,,,,
Project ID:,11051822617,,,,
Event Name,Event Type,Event ID,Event Status,,
Project Name:,FOX Nation Android X (Dev & QA),,,,
Project Platform:,custom,,,,
Project ID:,11064932506,,,,
Event Name,Event Type,Event ID,Event Status,,
Project Name:,FOX Nation Web X (Production),,,,
Project Platform:,web,,,,
Project ID:,11072741191,,,,
Event Name,Event Type,Event ID,Event Status,,
Video Playback Started,custom,15300740433,Active,,
Shipping Address Completed,custom,16508730148,Inactive,,
Update Account Started,custom,16528240284,Inactive,,
Shipping Address Started,custom,16529900508,Active,,
Profile Sign Up Completed,custom,16533980799,Active,,
Shipping Address Submitted,custom,16548980118,Active,Delete,
Unbounce Marketing Landing,custom,16636570238,Inactive,Delete,
Viewed Unbounce Marketing Landing Page,custom,16640260619,Inactive,,
Select Plan Completed,custom,16652280260,Active,,
Viewed Detail Page Menu Item Page,custom,16842191213,Inactive,Delete,
Plan Selection Form Started,custom,12367822857,Active,Delete,
Banner X Click,click,13663790248,Inactive,,
Banner X Clicks,click,13673270393,Inactive,,
PP Banner Link Clicks,click,13688980011,Inactive,,
test,custom,12072282530,Inactive,Delete,
Sign In Form Started,custom,12120938503,Inactive,Delete,
Content Started,custom,12128568554,Active,Delete,
Video Viewed,custom,12227194455,Inactive,Delete,
Profile Sign In Started,custom,13841690672,Active,,
Payment Completed,custom,13856720395,Active,,
Sign In Form Completed,custom,11925484651,Inactive,Delete,
Account Create Form Started,custom,11931083703,Inactive,Delete,
Clicked Email Submit,click,11940603575,Inactive,,
Clicked Email Submit (1),click,11941082049,Inactive,,
Payment Form Completed,custom,11948834221,Inactive,Delete,
Start Your Free Trial Click,click,17146120813,Inactive,,
Join Now Promo Click,click,17102040045,Inactive,,
Gift Link Clicked,click,17027153514,Inactive,,
American Patriots Month 5th Tile Playhead Click,click,17009220400,Inactive,,
Sign In Clicked,click,17035890216,Inactive,,
Gift Link Clicked,click,17029355728,Inactive,,
Gift Link Clicked,click,17052391911,Inactive,,
Join Now Click,click,17047720097,Inactive,,
Join Now Promo Click,click,17072890167,Inactive,,
Join Now Clicked,click,17066290663,Inactive,,
Account Create Form Completed,custom,11954195495,Inactive,Delete,
Sign Out Completed,custom,11950434089,Inactive,Delete,
Shipping Form Started,custom,11994115535,Inactive,Delete,
Payment Form Started,custom,11970793913,Inactive,Delete,
Page loaded,custom,15300630849,Active,Delete,
Authentication Started,custom,15300490830,Inactive,,
Clicked CTA Header,click,12014771479,Inactive,,
Clicked CTA Body (1),click,12014142609,Inactive,,
Authentication Logged Out,custom,15292560598,Inactive,,
Authentication Select Provider Completed,custom,15288510910,Inactive,,
Video Content Started,custom,15299250375,Active,,
Video Content Playing,custom,15295490672,Active,,
Clicked Hero CTA Button (3),click,14894970648,Inactive,,
Clicked Special Events Link (4),click,14877140341,Inactive,,
Profile Sign In Completed,custom,15282750815,Active,,
Authentication Completed,custom,15280611040,Inactive,,
Account Create Form Started vvbb,custom,12056440562,Inactive,Delete,
Clicked CTA Hero,click,12038900362,Inactive,,
Clicked CTA Body,click,12008311550,Inactive,,
Crime Collection 1st Tile Playhead Click,click,16981170266,Inactive,,
American Patriot's Month Collection 2nd Tile Playhead Click,click,16982410384,Inactive,,
American Patriot Show Click,click,16939690232,Inactive,,
Crime Collection 2nd Tile Playhead Click,click,16948340474,Inactive,,
Playhead of First Collection 3rd Series Panel Hover,click,16920073878,Inactive,,
Crime Collection 4th Tile Hover,click,16936700124,Inactive,,
Crime Collection 5th Tile Playhead Click,click,16965430100,Inactive,,
American Patriots Month 4th Tile Playhead Click,click,16975620651,Inactive,,
Crime Collection 3rd Tile Click,click,16954010346,Inactive,,
American Patriot's Month 3rd Tile Playhead Click,click,16963540834,Inactive,,
Clicked Hero CTA Button (2),click,14860010482,Inactive,,
Clicked Header CTA (4),click,14860800435,Inactive,,
Clicked Special Events Link (3),click,14848150411,Inactive,,
Clicked Header CTA (2),click,14852230173,Inactive,,
Clicked Hero CTA Button (1),click,14834590188,Inactive,,
Clicked Header CTA (3),click,14840320568,Inactive,,
Clicked Hero CTA Button,click,14766030268,Inactive,,
Clicked Special Events Link (2),click,14828580729,Inactive,,
Clicked Special Events Link,click,14742940083,Inactive,,
Clicked Hero CTA Button,click,14764180160,Inactive,,
Clicked CTA Hero (1),click,11927314050,Inactive,,
Clicked CTA Simone,click,11931183767,Inactive,,
Pre Order Click,click,11940782859,Inactive,,
Payment Form Completed,custom,11942635139,Inactive,Delete,
Payment Form Started,custom,11950244383,Inactive,Delete,
'Live Daily Shows' Collection Click,click,16871392943,Inactive,,
'Your Watchlist' Collection Link Click,click,16866967222,Inactive,,
'Continue Watching' Collection Link Click,click,16854386274,Inactive,,
'Continue Watching' Link Click,click,16853784335,Inactive,,
'Live Daily Shows' Collection Link Click,click,16851845048,Inactive,,
Personalized Collection Click,click,16850492767,Inactive,,
'Your Watchlist' Link Click,click,16850395638,Inactive,,
'Live Daily Shows' Link Click,click,16842323947,Inactive,,
Hero Video Click,click,16918163826,Inactive,,
Video Player Non-Hero Click,click,16910810192,Inactive,,
Clicked Special Events Link (1),click,14722470370,Inactive,,
Clicked Header CTA,click,14704910062,Inactive,,
Clicked CTA Header (1),click,12005411343,Inactive,,
Series Page CTA Clicks,click,14292110094,Inactive,,
Payment Started,custom,14061010005,Active,,
Profile Sign Up Started,custom,14055000009,Active,,
Select Plan Started,custom,14026970177,Active,,
Clicked Header CTA (1),click,14704501265,Inactive,,
Hero CTA Click,click,14593761460,Inactive,,
Experiment Viewed,custom,14475810864,Inactive,Delete,
Series Page Sign In Clicks,click,14299770363,Inactive,,
Cat-How-Can-I-Watch 4bTezyLZMCMvyHi5DosFqr,click,17427571090,Active,,
Cat-What-can-I-watch 9yPJmyVfg3uGiwSr54HgoH,click,17424580931,Active,,
Cat-What-Is-Fox-Nation 7bPdgg8Fm2DRpYbCB5xocz,click,17426001042,Active,,
Chatbot Opened XgDi5QBxBR8BHG3MpP9yL3,click,17447071667,Active,,
Hero Free Trial Click 23KoY3kLszYAJt87TpZUAK,click,17437441087,Active,,
q-can-I-watch-fox-news Y8trwz7keRWiAuPRKMBkv9,click,17412880848,Active,,
q-how-can-I-watch-fox-nations-shows TbqPz8JwaYMm2gFECFyB6H,click,17418700897,Active,,
q-how-much-does-the-fox-nation-subscripti QAoZkny8tcwCEXdUKtach3,click,17420361177,Active,,
Chat Help click CezjLReJMerCyM5Q3iLWti,click,17424411335,Active,,
Cat-What-Plans-Are-Available,click,17345610972,Active,,
lara-slide,custom,17376621608,Active,,
Road to 2020 Playhead Click,click,17720512490,Active,,
Scandalous Playhead Click,click,17729521066,Active,,
True Justice Playhead Click,click,17706781411,Active,,
Cat-How-Much-Does-It-Cost 3XhnuXEWwwmVyfv8swCBXr,click,17412691006,Active,,
Expand Info Click,click,17505441405,Active,,
CTA Click,click,17508800382,Active,,
Silver Patriot Click,click,17491541778,Active,,
Patriot Plan Click,click,17502932528,Active,,
Gold Patriot Plan Click,click,17477941754,Active,,
CTA Click,click,17484760179,Active,,
q-how-much-does-the-fox-nation-subscription-cost,click,17262794691,Active,,
Chat Help click,click,17260632369,Active,,
all-access-slide,custom,17264245893,Active,,
q-can-I-watch-fox-news,click,17264012329,Active,,
q-how-do-i-pay,click,17268293294,Active,,
q-what-can-I-watch,click,17266192851,Active,,
Chatbot Opened,click,17277341620,Active,,
Chat Sign Up Click,click,17275663077,Active,,
Cat-How-Can-I-Watch,click,17279106236,Active,,
Hero Free Trial Click,click,17277734272,Active,,
"Header ""Start Your Free Trial"" Click",click,17321263134,Active,,
Cat-What-can-I-watch,click,17281406500,Active,,
Abby-Slide,custom,17281353152,Active,,
q-how-do-i-pay MTqcpQm6qW3AKzWvRdhHGm,click,17433981672,Active,,
q-what-is-your-cancellation-policy,click,17281627551,Active,,
Cat-What-Is-Fox-Nation,click,17279611735,Active,,
q-do-i-need-a-tv-provider,click,17279408365,Active,,
Chat Sign Up Click qcJYLJcmasQWNAhM3eGAH,click,17465640151,Active,,
Monthly Plan Click,click,17464852495,Active,,
chatOpen,custom,17287431621,Inactive,,
q-what-can-I-watch GdjF1Gf5eypzMYcYhkYvr1,click,17412672030,Active,,
Cat-How-Much-Does-It-Cost,click,17319941595,Active,,
questionClicked,custom,17297032767,Inactive,,
q-how-can-I-watch-fox-nations-shows,click,17342900921,Active,,
Popular Shows Playhead Click,click,17765250911,Active,,
Cat-What-Plans-Are-Available NEMRenabuGe3gF14mVYWMq,click,17433981671,Active,,
CTA Click DsTjopVQjEsKHSNiZfCic8,click,17823741814,Active,,
If You Like What Made America Great Playhead Click,click,17751890682,Active,,
Cat-how can-i-get-book,click,17447780737,Active,,
Featured Movies Playhead Click,click,17754150097,Active,,
Who Can Forget? Playhead Click,click,17752982117,Active,,
q-what-is-your-cancellation-policy 9FsdrxRuSK5XrvHZfYXeWX,click,17435100713,Active,,
Politics Playhead Click,click,17767300507,Active,,
q-do-i-need-a-tv-provider 8QM34eXGAKJ8K8sHL6PJFR,click,17450000519,Active,,
Latest Daily Shows Playhead Click,click,17708771614,Active,,
CTA Click M424MUqBrgsa9s6csTwzvL,click,17836050254,Active,,
Binge This Weekend Playhead Click,click,17750210184,Active,,
URL Targeting for TESTING Optimizely-Unbounce-Segment Integration,pageview,14297200027,Inactive,,
Tomi Lahren Soft Landing Page,pageview,14298450348,Inactive,,
UN-PC Soft Landing Page,pageview,14299520277,Inactive,,
UN-PC Hybrid Page,pageview,14301260270,Inactive,,
URL Targeting for Breadth of Content vs Personalities and Content Module (ARCHIVED),pageview,14307150005,Inactive,,
Homes for Heros Hybrid Page,pageview,14310440311,Inactive,,
MOMS Soft Landing Page,pageview,14322480039,Inactive,,
Homes for Heros Soft Landing Page,pageview,14324190319,Inactive,,
MOMS Hybrid Page,pageview,14340290053,Inactive,,
URL Targeting for Readability on Funnel Pages,pageview,14344910045,Inactive,,
URL Targeting for (ZR) MLP Hero Messaging Tests,pageview,12396532620,Inactive,,
URL Targeting for (ZR) MLP CTA Messaging - 7 Days and 1 Week,pageview,12396692329,Inactive,,
URL Targeting for PURC: Payment Page CTA,pageview,12405441164,Inactive,,
URL Targeting for Account sign up page,pageview,12412801553,Inactive,,
URL Targeting for Replace Home w hs-video-expr (Prod),pageview,12245471182,Inactive,,
URL Targeting for HOME: (ZR) Nation Launch MLP Updates,pageview,12254224359,Inactive,,
Welcome-To-Fox-Nation,pageview,12259011427,Inactive,,
URL Targeting for PURC: (ZR) Plan Select Page,pageview,12342940518,Inactive,,
URL Targeting for PURC: (ZR) Plan Select Move CTA Above Fold - Mobile,pageview,12558040263,Inactive,,
Main Page,pageview,12893090126,Inactive,,
Payment Complete,pageview,11921652962,Inactive,,
QA Payment Page,pageview,11923802951,Inactive,,
Account Creation Page,pageview,11931332202,Inactive,,
URL Targeting for TESTING Segment Data,pageview,11940866299,Inactive,,
URL Targeting for Founders - MarketingLP - Hide Package Pricing,pageview,11950603943,Inactive,,
URL Targeting for 99c on Series Screens,pageview,14897080003,Inactive,,
Watch Page,pageview,14856560236,Inactive,,
URL Targeting for DCGTEST-216 - [Nation] Toggle $0.99 Countdown Timer in Homepage,pageview,14694870428,Inactive,,
URL Targeting for HOME: DCGTEST-216 - [Nation] Toggle $0.99 Countdown Timer in Homepage,pageview,14654140530,Inactive,,
Select Plan Prod,pageview,14718780104,Inactive,,
Payment Screen Prod,pageview,14714570697,Inactive,,
Payment Page,pageview,14730270485,Inactive,,
URL Targeting for Copy of New Payment Page v1,pageview,14724400676,Inactive,,
URL Targeting for .99c Promo,pageview,14737961185,Inactive,,
Payment Page,pageview,14732350381,Inactive,,
URL Targeting for [Simone] Hero Extension Troubleshooting,pageview,11981913386,Inactive,,
URL Targeting for TESTING BETA,pageview,11954405185,Inactive,,
Shipping Start,pageview,12028325987,Inactive,,
Plan Select Page,pageview,12008890471,Inactive,,
URL Targeting for Personalities Hero and Content Module,pageview,14292490236,Inactive,,
URL Targeting for TESTING Optimizely Setup On Unbounce,pageview,14291050183,Inactive,,
Featured,pageview,12107898654,Active,,
URL Targeting for Memorial Day - Folds of Honor for IE11,pageview,14962121266,Inactive,,
URL Targeting for Evar 65 Test,pageview,15028070589,Inactive,,
URL Targeting for PURC: TMT-228 Remove Name Fields from Create Account Page,pageview,15062330547,Inactive,,
URL Targeting for PURC: TMT-225 Plan Select v4,pageview,15062960656,Inactive,,
URL Targeting for HOME: Internet Explorer Bug Fixes,pageview,15105430688,Inactive,,
URL Targeting for Testing Optimizely Load Time,pageview,15114051127,Inactive,,
URL Targeting for HOME: BINGE Promo,pageview,15134870416,Inactive,,
URL Targeting for BINGE Promo (Mobile),pageview,15161310170,Inactive,,
URL Targeting for PURC: BINGE Promo w/user flow headband,pageview,15219060685,Inactive,,
Homepage & All Pages Excluding Funnel - Prod,pageview,15252681728,Active,,
MOMS Soft Landing Page,pageview,14322480039,Inactive,,
Homes for Heros Soft Landing Page,pageview,14324190319,Inactive,,
MOMS Hybrid Page,pageview,14340290053,Inactive,,
URL Targeting for Readability on Funnel Pages,pageview,14344910045,Inactive,,
UN-PC Soft Landing Page,pageview,14299520277,Inactive,,
UN-PC Hybrid Page,pageview,14301260270,Inactive,,
URL Targeting for Breadth of Content vs Personalities and Content Module (ARCHIVED),pageview,14307150005,Inactive,,
Homes for Heros Hybrid Page,pageview,14310440311,Inactive,,
URL Targeting for Homepage Messaging Test,pageview,14353730046,Inactive,,
URL Targeting for Homepage Content Module Restart,pageview,14396210327,Inactive,,
URL Targeting for HOME: Shortened Static Hero - Breadth of Content,pageview,13837880103,Inactive,,
PBC Landing Page 33,pageview,13858460623,Inactive,,
URL Targeting for HOME: DCGTEST-163 - [Nation] Add Plans (Packages) Module on Homepage,pageview,14182210261,Inactive,,
URL Targeting for TESTING Unbounce Setup - Experiment #2,pageview,14184850301,Inactive,,
URL Targeting for Active Expr on Unbounce Page,pageview,14217970118,Inactive,,
URL Targeting for Made in America vs American Arenas Mosaic,pageview,16471091420,Inactive,,
"URL Targeting for GUILD DCGWEB-2499: Testing MVPD ""authentication_state"" attribute",pageview,16412320036,Inactive,,
URL Targeting for HOME: [MARCRE-118] - August is Killer Hero (IE11),pageview,15767830879,Inactive,,
URL Targeting for HOME: [MARCRE-118] - August is Killer Hero,pageview,15681650203,Inactive,,
URL Targeting for HOME: [MARCRE-118] - August is Killer Hero v3 (IE11),pageview,15873290542,Inactive,,
URL Targeting for HOME: [MARCRE-118] - August is Killer Hero v3,pageview,15867240897,Inactive,,
URL Targeting for [MARCRE-156] - Implement September Theme,pageview,16066220702,Inactive,,
URL Targeting for [DC] TESTING Hero Area Extension w/additional image placement,pageview,15922740238,Inactive,,
Homepage - Signed-in - Exact Match,pageview,16355430504,Inactive,,
URL Targeting for [MARCRE-156] - Implement September Theme (IE11),pageview,16186930038,Inactive,,
After the Show Hybrid Page,pageview,14264910261,Inactive,,
URL Targeting for TRYP: FOX Locked Blue Box - Test Experiment #1,pageview,14230840207,Inactive,,
Tomi Lahren Hybrid Page,pageview,14272760298,Inactive,,
URL Targeting for Series Landing Page Test: UN-PC,pageview,14267270250,Inactive,,
URL Targeting for Memorial Day - Folds of Honor Foundation,pageview,14950610469,Inactive,,
URL Targeting for HOME: Homepage content module for 99c takedown,pageview,14902760634,Inactive,,
URL Targeting for Personalities Hero and Content Module,pageview,14292490236,Inactive,,
URL Targeting for TESTING Optimizely Setup On Unbounce,pageview,14291050183,Inactive,,
URL Targeting for .99c Promo,pageview,14737961185,Inactive,,
Payment Page,pageview,14732350381,Inactive,,
URL Targeting for 99c on Series Screens,pageview,14897080003,Inactive,,
Watch Page,pageview,14856560236,Inactive,,
Select Plan Prod,pageview,14718780104,Inactive,,
Payment Screen Prod,pageview,14714570697,Inactive,,
Payment Page,pageview,14730270485,Inactive,,
URL Targeting for Copy of New Payment Page v1,pageview,14724400676,Inactive,,
Tomi Lahren Soft Landing Page,pageview,14298450348,Inactive,,
URL Targeting for TESTING Optimizely-Unbounce-Segment Integration,pageview,14297200027,Inactive,,
URL Targeting for Copy of Series Landing Page Test: UN-PC,pageview,14287670178,Inactive,,
TMT-411 Redirect Experiment Funnel Pages (QA Only),pageview,15524880936,Inactive,,
URL Targeting for HOME: Celebrate America - US Map in Hero - Roll-Out,pageview,15634080710,Inactive,,
URL Targeting for HOME: Celebrate America - Paid Media Control,pageview,15430030459,Inactive,,
"URL Targeting for Celebrate America - paid traffic ""control""",pageview,15437520672,Inactive,,
URL Targeting for HOME: Celebrate America - Mosaic and Map Backgrounds,pageview,15425080760,Inactive,,
URL Targeting for HOME: Celebrate America - Paid Media Ultimate Companion,pageview,15429930222,Inactive,,
"URL Targeting for Celebrate America - paid traffic ""july""",pageview,15452950642,Inactive,,
"URL Targeting for Celebrate America - paid traffic ""july""",pageview,15457310012,Inactive,,
"URL Targeting for Celebrate America - paid traffic ""control""",pageview,15443350705,Inactive,,
URL Targeting for HOME: Celebrate America - Paid Media July,pageview,15449720768,Inactive,,
URL Targeting for HOME: DCGTEST-216 - [Nation] Toggle $0.99 Countdown Timer in Homepage,pageview,14654140530,Inactive,,
URL Targeting for DCGTEST-216 - [Nation] Toggle $0.99 Countdown Timer in Homepage,pageview,14694870428,Inactive,,
URL Targeting for PURC: New Payment Page v1,pageview,14641910506,Inactive,,
URL Targeting for HOME: (ZR) Homepage Updates,pageview,14644400407,Inactive,,
URL Targeting for Copy of Homepage Messaging - Ultimate Companion,pageview,14611850906,Inactive,,
www.nation-foxnews.com,pageview,14624041083,Inactive,,
Home Page Persist Changes Test,pageview,14602260683,Inactive,,
Fox Nation Homepage Hybrid for Redirect Experiments,pageview,14603761584,Inactive,,
URL Targeting for PURC: Payment Page CTA and Headline Test,pageview,14555740553,Inactive,,
Fox Nation Homepage,pageview,14601890806,Inactive,,
URL Targeting for HOME: Static Hero - Breadth of Content vs Key Personalities,pageview,13856950478,Inactive,,
URL Targeting for Content Paragraphs,pageview,14180600093,Inactive,,
URL Targeting for Plan Select Page v2 + Orange Funnel Buttons,pageview,14184070058,Inactive,,
URL Targeting for TESTING Unbounce Setup - Experiment #1,pageview,14206220052,Inactive,,
URL Targeting for Homepage Content Module,pageview,14222030466,Inactive,,
URL Targeting for HOME: OPT-268 - Celebrate America,pageview,15358041366,Inactive,,
URL Targeting for PURC: Plan Select - CTA in Tiles v2,pageview,15347340793,Inactive,,
URL Targeting for PURC: MARCRE-84 -- Skip Plan Select,pageview,15304750562,Inactive,,
URL Targeting for TMT-372 Post-Release Validation,pageview,15296551007,Inactive,,
FOX Nation Homepage for Unbounce Redirect Tests,pageview,15285820974,Inactive,,
Fox Nation Funnel / MOMS Page Hybrid for Unbounce/Adobe Tracking Test,pageview,15285780410,Inactive,,
URL Targeting for TMT-311 Post-Release Validation,pageview,15277550953,Inactive,,
URL Targeting for PURC: Plan Select - CTA in Tiles,pageview,15277041128,Inactive,,
URL Targeting for Celebrate America - Mosaic Background,pageview,15395490134,Inactive,,
URL Targeting for Celebrate America,pageview,15385700789,Inactive,,
URL Targeting for Order Funnel CTA Colour Test,pageview,14542800125,Inactive,,
URL Targeting for PURC: Plan Select Copy Updates,pageview,14527120065,Inactive,,
After the Show Soft Landing Page,pageview,14284900129,Inactive,,
URL Targeting for Homepage Messaging - Ultimate Companion,pageview,14455040252,Inactive,,
URL Targeting for Copy of TESTING EVAR65 UN-PC,pageview,14448960026,Inactive,,
URL Targeting for Copy of UN-PC Series Page Test,pageview,14404100609,Inactive,,
Join un-pc,pageview,14402330176,Inactive,,
URL Targeting for Plan Select v3,pageview,14492330485,Inactive,,
"URL Targeting for HOME: Adjust ""Hero Area"" Extension to Fit Personalities Image",pageview,14491770661,Inactive,,
URL Targeting for Copy of UN-PC Series Page Test,pageview,14490620170,Inactive,,
URL Targeting for DCGTEST-193 Redesign Plan V3,pageview,14487790542,Inactive,,
URL Targeting for Super Bowl Promo (99c),pageview,17473750013,Inactive,,
URL Targeting for Modal Checkout Flow,pageview,17691070772,Inactive,,
Featured Page w/ Poster Image Hover: Popular Shows,pageview,17704902001,Active,,
Featured Page w/ Poster Image Hover: Road to 2020,pageview,17712681201,Active,,
URL Targeting for Featured Page Poster Image Hover Measurement,pageview,17714670801,Inactive,,
Featured Page w/ Poster Image Hover: Scandalous,pageview,17728111521,Active,,
Featured Page w/ Poster Image Hover: Politics,pageview,17728161406,Active,,
URL Targeting for Featured Page Poster Image Hover Measurement - 2nd Run,pageview,17729551246,Inactive,,
Featured Page w/ Any Poster Image Hover,pageview,17729601640,Active,,
Featured Page w/ Poster Image Hover: Featured Movies,pageview,17732160548,Active,,
|Featured Page w/ American Patriot's Month Collection,4th Tile Hover|,pageview,16954030253,Inactive,
URL Targeting for [OPT-288] American Patriot Landing Page Redirect Test V2 - ORGANIC TRAFFIC,pageview,16954130179,Inactive,,
|Featured Page w/ American Patriot's Month Collection,5th Tile Hover|,pageview,16967680628,Inactive,
|Featured Page w/ Crime Collection,4th Tile Hover|,pageview,16969490244,Inactive,
|Featured Page w/ Crime Collection,3rd Tile Hover|,pageview,16948720537,Inactive,
|Featured Page w/ Crime Collection,5th Tile Hover|,pageview,16951990185,Inactive,
|Featured Page w/ American Patriot's Month Collection,3rd Tile Hover|,pageview,16952391309,Inactive,
URL Targeting for [CPEOPT-106] Description Test: The New Battle For Chicago,pageview,16953860208,Inactive,,
|Featured Page w/ American Patriot's Month Collection,2nd Tile Hover|,pageview,16971210485,Inactive,
URL Targeting for Email Capture for Parkd Page,pageview,16979130635,Inactive,,
URL Targeting for Doocy Focused Mosaic -Promo vs No Promo,pageview,16528780344,Inactive,,
URL Targeting for CPEOPT-95 TC #5 QA Unbounce Optimizely Tracking Use Cases,pageview,16644680235,Inactive,,
URL Targeting for CPEOPT-95 TC #4 QA Unbounce Optimizely Tracking Use Cases,pageview,16665440153,Inactive,,
URL Targeting for [MARCRE-205] 10-4 Mosaic Update (Abby),pageview,16756270300,Inactive,,
URL Targeting for Copy of [MARCRE-205] 9-28 Mosaic Update,pageview,16771750907,Inactive,,
URL Targeting for [OPT-288] American Patriot Landing Page Redirect Test - ORGANIC TRAFFIC,pageview,16916251675,Inactive,,
Home Page / American Patriots Hybrid Page,pageview,16912580661,Inactive,,
"|Featured Page w/ ""Latest Daily Shows""",Continue Watching,"and ""Your Watchlist"" Collections Visible|",pageview,16861794463,Inactive
"URL Targeting for [CPEOPT-99] ""What is FOX Nation?"" Test",pageview,16849320283,Inactive,,
URL Targeting for [CPEOPT-103] Nation Web MLP Update: Patriot Awards,pageview,16883860455,Inactive,,
Series Detail Page,pageview,16865321056,Inactive,,
URL Targeting for Plans on LP into Single Page,pageview,17468561803,Inactive,,
URL Targeting for SHOW: Purchase Confirm Content Starts,pageview,17467970416,Inactive,,
Featured Page w/ Poster Image Hover: True Justice,pageview,16923892927,Active,,
URL Targeting for (ZR) Homepage Redirect Test,pageview,16920164164,Inactive,,
|Featured Page w/ Crime Collection,2nd Tile Hover|,pageview,16946580312,,Inactive
URL Targeting for Tiers Book Badge,pageview,17394440598,Inactive,,
Select Plan to Checkout Flow Pages,pageview,17452871341,Active,,
|URL Targeting for [Issue Debug,A/A Experiment] Segment Events Not Appearing in Optimizely Preview Overlay|,pageview,17435291138,,Inactive
URL Targeting for [CPEOPT-179] Web Update: Deputy Promo Text Fix,pageview,17277373547,Inactive,,
URL Targeting for Sign in vs Log In,pageview,17273640045,Inactive,,
URL Targeting for Chatbot Experiment,pageview,17290752907,Inactive,,
URL Targeting for Technical Difficulties Banner,pageview,17285303715,Inactive,,
URL Targeting for Chatbot 1.2 - 10 second delay vs persistence,pageview,17420421084,Inactive,,
URL Targeting for [OPT-288] American Patriot Landing Page Redirect Test - CAMPAIGN TRAFFIC,pageview,16943005867,Inactive,,
URL Targeting for SHOW: New Subscriber Featured Collections,pageview,17857290557,Inactive,,
URL Targeting for Copy of PURC: Payment Page Promo Styling,pageview,17860980371,Inactive,,
URL Targeting for SHOW: John Rich Promo Fallback,pageview,17839930992,Inactive,,
URL Targeting for Copy of SHOW: Purchase Confirm Content Starts,pageview,17848982322,Inactive,,
URL Targeting for SHOW: John Rich Promo 2.0,pageview,17892540020,Inactive,,
URL Targeting for Fallback background,pageview,17260320974,Inactive,,
URL Targeting for CPEOPT-173: CVV Field,pageview,17264222237,Inactive,,
Detail or Personality Pages,pageview,17167970552,Inactive,,
URL Targeting for Static vs Carousel Test,pageview,17252513402,Inactive,,
URL Targeting for Give the Gift Test,pageview,17094000518,Inactive,,
URL Targeting for Celebrate Banner - Plan Change page,pageview,17118631895,Inactive,,
URL Targeting for New Celebrate Banner Test,pageview,17045013624,Inactive,,
The New Battle of Chicago Watch Page,pageview,17045731140,Inactive,,
"Featured Page w/ any ""Christmas Collection"" Tile Hover",pageview,17041882214,Inactive,,
URL Targeting for Celebrate Banner,pageview,17043060862,Inactive,,
URL Targeting for OPT-277 - Discounted Silver Patriot Plan for Fox Nation Founders,pageview,16537390190,Inactive,,
URL Targeting for CPEOPT-95 TC #2 QA Unbounce Optimizely Tracking Test Cases,pageview,16657960883,Inactive,,
URL Targeting for [MARCRE-205] 9-28 Mosaic Update,pageview,16669010060,Inactive,,
URL Targeting for (ZR) New Hero Test,pageview,16762580270,Inactive,,
"Change Plan Page w/ ""subscription_plan"" Attribute Set",pageview,16836382975,Active,,
URL Targeting for PURC: Payment Page Promo Styling,pageview,17774121128,Inactive,,
Featured Page w/ Poster Image Hover: Who Can Forget?,pageview,17772960094,Active,,
URL Targeting for Modal Checkout Flow,pageview,17772461295,Inactive,,
Featured Page w/ Poster Image Hover: Binge This Weekend,pageview,17765090501,Active,,
URL Targeting for Featured Page Poster Image Hover Measurement - 3rd Run,pageview,17759770191,Inactive,,
Featured Page w/ Poster Image Hover: If You Like What Made America Great,pageview,17744320962,Active,,
URL Targeting for Featured Page Poster Image Hover Measurement - 2nd Run,pageview,17742610537,Inactive,,
Featured Page w/ Poster Image Hover: Latest Daily Shows,pageview,17734900070,Active,,
URL Targeting for SHOW: John Rich Promo,pageview,17820082646,Inactive,,
URL Targeting for PURC: Payment Page Promo Styling v2,pageview,17818700771,Inactive,,
URL Targeting for Christmas Homepage Redirect,pageview,17041051719,Inactive,,
URL Targeting for Celebrate Banner Test - Desktop & Tablet,pageview,17038841294,Inactive,,
URL Targeting for Give the Gift Test,pageview,17010143692,Inactive,,
URL Targeting for Park'd Homepage Redirect,pageview,17006370221,Inactive,,
URL Targeting for Celebrate Banner Test - Mobile,pageview,17004573589,Inactive,,
URL Targeting for [OPT-288] American Patriot Landing Page Redirect Test V2 - CAMPAIGN TRAFFIC,pageview,16984960221,Inactive,,
URL Targeting for CELEBRATE Promo Homepage Test,pageview,17033600593,Inactive,,
URL Targeting for A/A Test,pageview,17031625225,Inactive,,
Select Plan Page referred by Series Detail or Personality Page,pageview,17027411042,Inactive,,
URL Targeting for CELEBRATE Promo Copy Location Homepage Test,pageview,17020471429,Inactive,,
Project Name:,FOX NOW FireTV (Dev & QA),,,,
Project Platform:,web,,,,
Project ID:,11091580568,,,,
Event Name,Event Type,Event ID,Event Status,,
Homepage,pageview,16118040405,Inactive,,
Project Name:,FOX NOW Xbox (Production),,,,
Project Platform:,web,,,,
Project ID:,11095381193,,,,
Event Name,Event Type,Event ID,Event Status,,
Project Name:,FOX NOW Xbox (Dev & QA),,,,
Project Platform:,web,,,,
Project ID:,11095701514,,,,
Event Name,Event Type,Event ID,Event Status,,
URL Targeting for TESTING Optimizely Setup,pageview,12406761633,Inactive,,
URL Targeting for TESTING Optimizely Setup,pageview,12395261149,Inactive,,
Project Name:,FOX NOW FireTV (Production),,,,
Project Platform:,web,,,,
Project ID:,11101351583,,,,
Event Name,Event Type,Event ID,Event Status,,
First Collection Tile Click,click,17592390260,Active,,
Video Playback Started,custom,17580450593,Active,,
Home Section Simple Match,pageview,17618990148,Active,,
URL Targeting for testing Toggling DPP screens,pageview,16137720042,Inactive,,
Project Name:,FOX NOW FireTV (Staging),,,,
Project Platform:,web,,,,
Project ID:,11101591345,,,,
Event Name,Event Type,Event ID,Event Status,,
Project Name:,FOX NOW Xbox (Staging),,,,
Project Platform:,web,,,,
Project ID:,11112992138,,,,
Event Name,Event Type,Event ID,Event Status,,
Project Name:,FOX Nation FireTV X (Staging,,,,
Project Platform:,web,,,,
Project ID:,12107879089,,,,
Event Name,Event Type,Event ID,Event Status,,
Project Name:,FOX Nation Xbox (Dev & QA),,,,
Project Platform:,web,,,,
Project ID:,12128439961,,,,
Event Name,Event Type,Event ID,Event Status,,
URL Targeting for TESTING Snippet Set Up,pageview,12407270870,Inactive,,
Project Name:,FOX Nation Xbox (Production),,,,
Project Platform:,web,,,,
Project ID:,12134277330,,,,
Event Name,Event Type,Event ID,Event Status,,
Project Name:,FOX Nation Xbox (Staging),,,,
Project Platform:,web,,,,
Project ID:,12146678852,,,,
Event Name,Event Type,Event ID,Event Status,,
Project Name:,FOX Nation FireTV X (Production),,,,
Project Platform:,web,,,,
Project ID:,12161354417,,,,
Event Name,Event Type,Event ID,Event Status,,
Project Name:,FOX Nation FireTV X (Dev & QA),,,,
Project Platform:,web,,,,
Project ID:,12219861088,,,,
Event Name,Event Type,Event ID,Event Status,,
URL Targeting for Toggle DPP,pageview,16110170315,Inactive,,
Project Name:,FS Web (Dev & Qa),,,,
Project Platform:,web,,,,
Project ID:,12735890471,,,,
Event Name,Event Type,Event ID,Event Status,,
Video Playback Started,custom,14140930362,Inactive,,
Payment Form Completed,custom,14107510015,Inactive,Delete,
Content Started,custom,14102830676,Inactive,Delete,
Payment Form Started,custom,14111290187,Inactive,Delete,
Profile Sign Up Completed,custom,14109360339,Inactive,,
Payment Started,custom,14119070311,Active,,
Profile Sign In Completed,custom,14117080431,Inactive,,
Account Create Form Started,custom,14126930430,Inactive,Delete,
Payment Completed,custom,14119230104,Inactive,,
Account Create Form Completed,custom,14133210204,Inactive,Delete,
Profile Sign Up Started,custom,14131040285,Inactive,,
URL Targeting for Change URL for Skins CTA,pageview,15547500834,Inactive,,
URL Targeting for TESTING Optimizely Setup,pageview,15384020907,Inactive,,
URL Targeting for OPT-286 PPV Spanish Language Flow,pageview,16864742600,Inactive,,
URL Targeting for Campaign Placement Tracking A/A Test,pageview,16134670277,Inactive,,
URL Targeting for OPT-285 PPV Twitter Spotlight Ad Buy Flow,pageview,16870280583,Inactive,,
URL Targeting for Will-Test,pageview,16869694946,Inactive,,
URL Targeting for [OPT-286] Spanish Language MLP and Buy Flow,pageview,16909833645,Inactive,,
URL Targeting for OPT-287 Landing Page for Paid Search,pageview,16893393054,Inactive,,
URL Targeting for PPV5 CVV Field Test,pageview,17495750088,Inactive,,
URL Targeting for TESTING EVar 65,pageview,13753050518,Inactive,,
URL Targeting for TESTING evar65 #2,pageview,13735920350,Inactive,,
URL Targeting for TESTING PBC Hero Module,pageview,14092450088,Inactive,,
URL Targeting for pbc-ordered-panels,pageview,13829410182,Inactive,,
WWC Homepage,pageview,15158910509,Inactive,,
PBC QA,pageview,14098760050,Inactive,,
Dev Homepage,pageview,15183431450,Inactive,,
URL Targeting for (DC) Add CTA to top nav,pageview,15178730471,Inactive,,
"URL Targeting for Pacquiao v Thurman - ""How to Watch"" Module Test",pageview,15351620545,Inactive,,
URL Targeting for Pacquiao v Thurman - Pricing Placement Test,pageview,15310940565,Inactive,,
Project Name:,FS Web (Production),,,,
Project Platform:,web,,,,
Project ID:,12760330123,,,,
Event Name,Event Type,Event ID,Event Status,,
Authentication Select Provider Started,custom,15994350416,Inactive,,
Authentication Successful,custom,15992650129,Inactive,Delete,
Authentication Select Provider Completed,custom,15994230379,Inactive,,
FS Homepage PBC Side Banner Click,click,15586671176,Inactive,,
PBC Skin Banner Link,click,15596330903,Inactive,,
Page Skin Link,click,15621980948,Inactive,,
FS Homepage PBC Side Banner Click,click,15661530327,Inactive,,
Clicked Bar CTA,custom,14159300059,Active,Delete,
Authentication Completed,custom,15165190523,Inactive,,
Viewed Marketing Landing Page,custom,17548150268,Active,,
ESPN Btn Click,click,17551760115,Active,,
Modal Click,click,17470091015,Active,,
Fox Btn Click,click,17528900220,Active,,
FS Logo Link Click,click,16956350216,Inactive,,
Purchase CTA Clicked,custom,16975440056,Inactive,,
Video Content Started,custom,16929174008,Inactive,,
Payment Submitted,custom,16952320220,Inactive,Delete,
Viewed Big Board Landing Page,custom,16916360975,Inactive,,
Authentication Started,custom,16919562446,Inactive,,
Account Create Form Started,custom,14092740623,Inactive,Delete,
Profile Sign Up Started,custom,14084820306,Active,,
Account Create Form Completed,custom,14102950557,Inactive,Delete,
Content Started,custom,14094820688,Inactive,Delete,
Video Content Completed,custom,14109160344,Inactive,,
Payment Form Submitted,custom,14105050639,Inactive,Delete,
Profile Sign Up Completed,custom,14113250080,Active,,
Video Playback Completed,custom,14113230421,Inactive,,
Account Create Form Error Occurred,custom,14119450106,Inactive,Delete,
Video Playback Started,custom,14117540153,Active,,
Payment Form Started,custom,14127160174,Inactive,Delete,
Payment Form Error Occurred,custom,14127120348,Inactive,Delete,
Social Sign Up Completed,custom,14129190073,Inactive,Delete,
Payment Started,custom,14127080275,Active,,
Account Create Form Submitted,custom,14125280133,Inactive,Delete,
Viewed Section Front Landing Page,custom,16915335410,Inactive,,
Video Ad Break Completed,custom,16903063248,Inactive,,
Profile Sign In Completed,custom,14130950393,Inactive,,
Added Favorites,custom,15165210603,Inactive,,
Payment Form Completed,custom,14141350043,Inactive,,
Payment Completed,custom,14141050081,Active,,
Clicked Bar CTA,custom,14156950140,Inactive,Delete,
Clicked Bar Sign-in,custom,14149030156,Inactive,Delete,
Favorite Changed,custom,16002440462,Inactive,Delete,
Removed Favorites,custom,15181280188,Inactive,Delete,
Video Ad Started,custom,16901260947,Inactive,,
Video Ad Break Started,custom,16890380713,Inactive,,
Video Ad Completed,custom,16872890445,Inactive,,
Video Started,custom,16025070115,Inactive,Delete,
Profile Sign In Started,custom,16008060306,Inactive,,
Live Video Content Started,custom,16004080807,Inactive,,
URL Targeting for [OPT-282] PPV Fight 3 - Order Funnel Entry Point,pageview,16489980431,Inactive,,
URL Targeting for Watch Live CTA,pageview,15853430547,Inactive,,
URL Targeting for Fox Sports Metrics QA,pageview,15986690270,Inactive,,
URL Targeting for [OPT-276] Verizon O&O Drop Campaign,pageview,15712370073,Inactive,,
URL Targeting for [OPT-275] Verizon O&O Markets Pre-Drop Campaign,pageview,15716200527,Inactive,,
URL Targeting for [OPT-275] Verizon FIOS Markets Pre-Drop Campaign,pageview,15716260247,Inactive,,
URL Targeting for [OPT-276] Verizon FIOS Drop Campaign,pageview,15735790414,Inactive,,
FOX Sports Homepage (ZR),pageview,15614281283,Inactive,,
URL Targeting for [OPT-274] PBC PPV #2 Outage Campaign,pageview,15628220721,Inactive,,
URL Targeting for PPV 5 Single Page Checkout,pageview,17540781255,Inactive,,
URL Targeting for PPV 5 Agnostic Page Button Color,pageview,17574940147,Inactive,,
URL Targeting for SB Minus Mode,pageview,17487560694,Inactive,,
SB Minus Mode,pageview,17493150630,Inactive,,
URL Targeting for Profile Sign Up Flow Test,pageview,17281184629,Inactive,,
URL Targeting for PPV 5 test,pageview,17281603493,Inactive,,
URL Targeting for [CPEOPT-108] Validate Unbounce/FS.com Cross-Domain Tracking,pageview,16939440436,Inactive,,
URL Targeting for Technical Difficulties Banner,pageview,17029240260,Inactive,,
URL Targeting for Testing CMP audience variables,pageview,16915690786,Inactive,,
URL Targeting for OPT-286 Spanish Language MLP and Buy Flow,pageview,16937418724,Inactive,,
PBC Landing Page 33,pageview,13850990173,Inactive,,
URL Targeting for TESTING eVar65 -  spence-vs-garcia-33,pageview,13817020298,Inactive,,
PBC Payment,pageview,14092450114,Inactive,,
URL Targeting for TESTING Previewing Funnel Screens,pageview,14070730317,Inactive,,
Fight #2,pageview,15134450915,Inactive,,
Fight #2 LP Prod,pageview,15033780032,Inactive,,
URL Targeting for TV Provider CTA,pageview,15231690641,Inactive,,
FoxSport.com Homepage Prod,pageview,15155010250,Inactive,,
URL Targeting for Countdown timer to WWC US/Sweden match,pageview,15261260278,Inactive,,
URL Targeting for Countdown timer to WWC US/Chile match,pageview,15253040465,Inactive,,
FoxSports.com -  PBC PPV - Change URL for Skins CTA,pageview,15551260888,Inactive,,
"URL Targeting for MARCRE-80 -- PBC PPV - Pacquiao v Thurman - ""How to Watch"" Module Test",pageview,15537010628,Inactive,,
Create Account Page -- Add Pacquiao v Thurman Logo,pageview,15585030962,Inactive,,
URL Targeting for MARCRE-79 -- Pacquiao v Thurman - Pricing Placement Test,pageview,15393070095,Inactive,,
URL Targeting for PBC PPV - Fight 2 - Data QA,pageview,15272890553,Inactive,,
URL Targeting for Provider Search Bar already on page,pageview,16886580528,Inactive,,
URL Targeting for [OPT-287] Landing Page for Paid Search - NFL,pageview,16884150495,Inactive,,
PBC PPV Landing Page,pageview,15586030945,Inactive,,
URL Targeting for Pinned bottom banner bar - LIVE NOW,pageview,15646510605,Inactive,,
URL Targeting for [OPT-272] Dish-Sling Pre-Drop Campaign,pageview,15602160811,Inactive,,
FOX Sports Boxing Homepage,pageview,15594250689,Inactive,,
Create Account - FoxSports.com - PBC PPV - Change URL for Skins CTA,pageview,15613530886,Inactive,,
URL Targeting for [OPT-273] Dish-Sling Drop Campaign,pageview,15606151303,Inactive,,
URL Targeting for [OPT-283] Add Fight Logo to Payment Page,pageview,16515270676,Inactive,,
URL Targeting for Pinned bottom banner bar,pageview,15650170676,Inactive,,
URL Targeting for [OPT-303] Outage Banners for Wrestlemania PPV,pageview,17872641743,Inactive,,
Video Player Pages,pageview,16863232771,Inactive,,
URL Targeting for [OPT-282] PPV Fight 3 - Order Funnel Entry Point at 100,pageview,16687630225,Inactive,,
URL Targeting for [OPT-284] PBC PPV #3 Outage Campaign,pageview,16592520349,Inactive,,
URL Targeting for Copy of [OPT-282] PPV Fight 3 - Order Funnel Entry Point (1),pageview,16565740240,Inactive,,
URL Targeting for [OPT-287] Landing Page for Paid Search - CFB,pageview,16869233714,Inactive,,
URL Targeting for Copy of [OPT-282] PPV Fight 3 - Order Funnel Entry Point,pageview,16556180087,Inactive,,
URL Targeting for Copy of PPV 5 Single Page Checkout,pageview,17611191201,Inactive,,
Project Name:,FS Web (Staging),,,,
Project Platform:,web,,,,
Project ID:,12760390410,,,,
Event Name,Event Type,Event ID,Event Status,,
Authentication Started,custom,16868255256,Inactive,,
Authentication Select Provider Completed,custom,16864352773,Inactive,,
Authentication Completed,custom,16875834328,Inactive,,
Authentication Select Provider Started,custom,16875333566,Inactive,,
Staging TV Provider Page,pageview,16878150879,Inactive,,
URL Targeting for TESTING PBC Hero Module,pageview,14356170124,Inactive,,
MVPD Authenticated Page,pageview,16933610203,Inactive,,
Project Name:,FOX Sports tvOS,,,,
Project Platform:,custom,,,,
Project ID:,14356580222,,,,
Event Name,Event Type,Event ID,Event Status,,
my_conversion,custom,15215740717,Active,Delete,
Project Name:,FOX Nation tvOS,,,,
Project Platform:,custom,,,,
Project ID:,14609630962,,,,
Event Name,Event Type,Event ID,Event Status,,
Video Playback Started,custom,16148401124,Inactive,,
Video Content Started,custom,15927940730,Inactive,,
Video Started,custom,15718130257,Inactive,Delete,
Profile Sign In Completed,custom,15947750341,Inactive,,
Profile Sign In Started,custom,15946090043,Inactive,,
Authentication Started,custom,15951620882,Inactive,,
Video Content Playing,custom,15947900587,Inactive,,
Profile Sign Up Completed,custom,15955590491,Inactive,,
Authentication Completed,custom,15953270770,Inactive,,
Profile Sign Up Started,custom,15967191047,Inactive,,
Profile Logged Out,custom,15959420527,Inactive,,
Project Name:,Marketing Design Studio Sandbox,,,,
Project Platform:,web,,,,
Project ID:,14741570731,,,,
Event Name,Event Type,Event ID,Event Status,,
URL Targeting for First Experiment on Tongyoo Test Page,pageview,14737510929,Inactive,,
URL Targeting for First Experiment on Dave's Test Page,pageview,14726000078,Inactive,,
URL Targeting for Content Paragraphs (localhost:8080),pageview,16016070422,Inactive,,
URL Targeting for Fox Nation Folds of Honor test,pageview,14748400271,Inactive,,
Project Name:,Live Encoding & Automation Squad Sandbox,,,,
Project Platform:,custom,,,,
Project ID:,15356071003,,,,
Event Name,Event Type,Event ID,Event Status,,
Project Name:,Tongyoo Full Stack Project,,,,
Project Platform:,custom,,,,
Project ID:,15680371007,,,,
Event Name,Event Type,Event ID,Event Status,,
Project Name:,Fox Corporation Cross-Product Optimization,,,,
Project Platform:,custom,,,,
Project ID:,15705490046,,,,
Event Name,Event Type,Event ID,Event Status,,
Project Name:,FOX Nation Android X (Full Stack),,,,
Project Platform:,custom,,,,
Project ID:,15792150431,,,,
Event Name,Event Type,Event ID,Event Status,,
Video Content Started,custom,15903730187,Inactive,,
Project Name:,Tongyoo Web Project,,,,
Project Platform:,web,,,,
Project ID:,15805730834,,,,
Event Name,Event Type,Event ID,Event Status,,
Watch Now Button Click,click,15927710094,Inactive,,
URL Targeting for Example Multivariate Test,pageview,15933301239,Inactive,,
URL Targeting for Example A/B Test,pageview,15925550368,Inactive,,
All Pages,pageview,16053140393,Inactive,,
URL Targeting for Example Personalization Campaign,pageview,15943270731,Inactive,,
Project Name:,FOX NOW Android (Full Stack),,,,
Project Platform:,custom,,,,
Project ID:,15821420618,,,,
Event Name,Event Type,Event ID,Event Status,,
Project Name:,TRAINING:  Full Stack Product Optimization 101,,,,
Project Platform:,custom,,,,
Project ID:,15913600545,,,,
Event Name,Event Type,Event ID,Event Status,,
Project Name:,TRAINING: Web Product Optimization 101,,,,
Project Platform:,web,,,,
Project ID:,15929850040,,,,
Event Name,Event Type,Event ID,Event Status,,
FOX.com Homepage,pageview,15918070061,Inactive,,
Project Name:,FOX Sports Xbox (Production),,,,
Project Platform:,web,,,,
Project ID:,16116330596,,,,
Event Name,Event Type,Event ID,Event Status,,
Project Name:,FOX Sports Xbox (Staging),,,,
Project Platform:,web,,,,
Project ID:,16116710205,,,,
Event Name,Event Type,Event ID,Event Status,,
Project Name:,FOX Sports FireTV (Production),,,,
Project Platform:,web,,,,
Project ID:,16123610277,,,,
Event Name,Event Type,Event ID,Event Status,,
Project Name:,FOX Sports FireTV (Staging),,,,
Project Platform:,web,,,,
Project ID:,16123700526,,,,
Event Name,Event Type,Event ID,Event Status,,
Project Name:,FOX Sports FireTV (Dev & QA),,,,
Project Platform:,web,,,,
Project ID:,16129940213,,,,
Event Name,Event Type,Event ID,Event Status,,
URL Targeting for Toggle DPP screens test,pageview,16146230215,Inactive,,
Project Name:,FOX Sports Xbox (Dev & QA),,,,
Project Platform:,web,,,,
Project ID:,16156950132,,,,
Event Name,Event Type,Event ID,Event Status,,
Project Name:,FOX NOW Web Full Stack,,,,
Project Platform:,custom,,,,
Project ID:,17161110389,,,,
Event Name,Event Type,Event ID,Event Status,,
Video Content Playing,custom,17151071209,Inactive,,
Video Playback Started,custom,17138111297,Inactive,,
Video Ad Started,custom,17166990992,Inactive,,